unit_id	collection	url	dir_segment	study	run	n_unique_sequences	Species	Isotype	Chain	Disease	Vaccine	Subject	Age	Longitudinal	BSource	BType	Author	detail_status	detail_attempted
Alsoiussi_2020/csv/SRR11528761_paired.csv.gz	paired	https://opig.stats.ox.ac.uk/webapps/ngsdb/paired/Alsoiussi_2020/csv/SRR11528761_paired.csv.gz	csv	Alsoiussi_2020		5742	mouse_C57BL/6	All	Paired	SARS-COV-2	None	no	10-Weeks	no	Lymph	Plasmablast	Alsoiussi et al., 2020	ok	2026-08-04T14:40:50Z
Alsoiussi_2020/csv/SRR11528762_paired.csv.gz	paired	https://opig.stats.ox.ac.uk/webapps/ngsdb/paired/Alsoiussi_2020/csv/SRR11528762_paired.csv.gz	csv	Alsoiussi_2020		5646	mouse_C57BL/6	All	Paired	SARS-COV-2	None	no	10-Weeks	no	Lymph	Plasmablast	Alsoiussi et al., 2020	ok	2026-08-04T14:40:50Z
Corinaldesi_2024/csv_paired/SRR25557617_1_Paired_All.csv.gz	paired	https://opig.stats.ox.ac.uk/webapps/ngsdb/paired/Corinaldesi_2024/csv_paired/SRR25557617_1_Paired_All.csv.gz	csv_paired	Corinaldesi_2024		416	human	All	Paired	Burkitt Lymphoma	None	no	no	no	Tumor mass	Lymphoma-B-Cells	Corinaldesi et al.	ok	2026-08-05T19:41:05Z
Corinaldesi_2024/csv_paired/SRR25557618_1_Paired_All.csv.gz	paired	https://opig.stats.ox.ac.uk/webapps/ngsdb/paired/Corinaldesi_2024/csv_paired/SRR25557618_1_Paired_All.csv.gz	csv_paired	Corinaldesi_2024		652	human	All	Paired	Burkitt Lymphoma	None	no	no	no	Pleural Effusion	Lymphoma-B-Cells	Corinaldesi et al.	ok	2026-08-05T19:41:05Z
Corinaldesi_2024/csv_paired/SRR25557619_1_Paired_All.csv.gz	paired	https://opig.stats.ox.ac.uk/webapps/ngsdb/paired/Corinaldesi_2024/csv_paired/SRR25557619_1_Paired_All.csv.gz	csv_paired	Corinaldesi_2024		516	human	All	Paired	Burkitt Lymphoma	None	no	no	no	Tumor mass	Lymphoma-B-Cells	Corinaldesi et al.	ok	2026-08-05T19:41:05Z
Corinaldesi_2024/csv_paired/SRR25557620_1_Paired_All.csv.gz	paired	https://opig.stats.ox.ac.uk/webapps/ngsdb/paired/Corinaldesi_2024/csv_paired/SRR25557620_1_Paired_All.csv.gz	csv_paired	Corinaldesi_2024		1413	human	All	Paired	Burkitt Lymphoma	None	no	no	no	Tumor mass	Lymphoma-B-Cells	Corinaldesi et al.	ok	2026-08-05T19:41:05Z
Corinaldesi_2024/csv_paired/SRR25557621_1_Paired_All.csv.gz	paired	https://opig.stats.ox.ac.uk/webapps/ngsdb/paired/Corinaldesi_2024/csv_paired/SRR25557621_1_Paired_All.csv.gz	csv_paired	Corinaldesi_2024		3387	human	All	Paired	Burkitt Lymphoma	None	no	no	no	Pleural Effusion	Lymphoma-B-Cells	Corinaldesi et al.	ok	2026-08-05T19:41:05Z
Corinaldesi_2024/csv_paired/SRR25557622_1_Paired_All.csv.gz	paired	https://opig.stats.ox.ac.uk/webapps/ngsdb/paired/Corinaldesi_2024/csv_paired/SRR25557622_1_Paired_All.csv.gz	csv_paired	Corinaldesi_2024		551	human	All	Paired	Burkitt Lymphoma	None	no	no	no	Ascites	Lymphoma-B-Cells	Corinaldesi et al.	ok	2026-08-05T19:41:05Z
Corinaldesi_2024/csv_paired/SRR25557623_1_Paired_All.csv.gz	paired	https://opig.stats.ox.ac.uk/webapps/ngsdb/paired/Corinaldesi_2024/csv_paired/SRR25557623_1_Paired_All.csv.gz	csv_paired	Corinaldesi_2024		968	human	All	Paired	Burkitt Lymphoma	None	no	no	no	Tumor mass	Lymphoma-B-Cells	Corinaldesi et al.	ok	2026-08-05T19:41:05Z
Corinaldesi_2024/csv_paired/SRR25557624_1_Paired_All.csv.gz	paired	https://opig.stats.ox.ac.uk/webapps/ngsdb/paired/Corinaldesi_2024/csv_paired/SRR25557624_1_Paired_All.csv.gz	csv_paired	Corinaldesi_2024		3277	human	All	Paired	Burkitt Lymphoma	None	no	no	no	Ascites	Lymphoma-B-Cells	Corinaldesi et al.	ok	2026-08-05T19:41:05Z
Corinaldesi_2024/csv_paired/SRR25557625_1_Paired_All.csv.gz	paired	https://opig.stats.ox.ac.uk/webapps/ngsdb/paired/Corinaldesi_2024/csv_paired/SRR25557625_1_Paired_All.csv.gz	csv_paired	Corinaldesi_2024		416	human	All	Paired	Burkitt Lymphoma	None	no	no	no	Pleural Effusion	Lymphoma-B-Cells	Corinaldesi et al.	ok	2026-08-05T19:41:05Z
Corinaldesi_2024/csv_paired/SRR25557626_1_Paired_All.csv.gz	paired	https://opig.stats.ox.ac.uk/webapps/ngsdb/paired/Corinaldesi_2024/csv_paired/SRR25557626_1_Paired_All.csv.gz	csv_paired	Corinaldesi_2024		3533	human	All	Paired	Burkitt Lymphoma	None	no	no	no	Pleural Effusion	Lymphoma-B-Cells	Corinaldesi et al.	ok	2026-08-05T19:41:05Z
Corinaldesi_2024/csv_paired/SRR25557627_1_Paired_All.csv.gz	paired	https://opig.stats.ox.ac.uk/webapps/ngsdb/paired/Corinaldesi_2024/csv_paired/SRR25557627_1_Paired_All.csv.gz	csv_paired	Corinaldesi_2024		1728	human	All	Paired	Burkitt Lymphoma	None	no	no	no	Pleural Effusion	Lymphoma-B-Cells	Corinaldesi et al.	ok	2026-08-05T19:41:05Z
Corinaldesi_2024/csv_paired/SRR25557628_1_Paired_All.csv.gz	paired	https://opig.stats.ox.ac.uk/webapps/ngsdb/paired/Corinaldesi_2024/csv_paired/SRR25557628_1_Paired_All.csv.gz	csv_paired	Corinaldesi_2024		1065	human	All	Paired	Burkitt Lymphoma	None	no	no	no	Pleural Effusion	Lymphoma-B-Cells	Corinaldesi et al.	ok	2026-08-05T19:41:05Z
Corinaldesi_2024/csv_paired/SRR25557629_1_Paired_All.csv.gz	paired	https://opig.stats.ox.ac.uk/webapps/ngsdb/paired/Corinaldesi_2024/csv_paired/SRR25557629_1_Paired_All.csv.gz	csv_paired	Corinaldesi_2024		4606	human	All	Paired	Burkitt Lymphoma	None	no	no	no	Ascites	Lymphoma-B-Cells	Corinaldesi et al.	ok	2026-08-05T19:41:05Z
Corinaldesi_2024/csv_paired/SRR25557637_1_Paired_All.csv.gz	paired	https://opig.stats.ox.ac.uk/webapps/ngsdb/paired/Corinaldesi_2024/csv_paired/SRR25557637_1_Paired_All.csv.gz	csv_paired	Corinaldesi_2024		1896	human	All	Paired	Burkitt Lymphoma	None	no	no	no	Pleural Effusion	Lymphoma-B-Cells	Corinaldesi et al.	ok	2026-08-05T19:41:05Z
Corinaldesi_2024/csv_paired/SRR25557638_1_Paired_All.csv.gz	paired	https://opig.stats.ox.ac.uk/webapps/ngsdb/paired/Corinaldesi_2024/csv_paired/SRR25557638_1_Paired_All.csv.gz	csv_paired	Corinaldesi_2024		2042	human	All	Paired	Burkitt Lymphoma	None	no	no	no	Ascites	Lymphoma-B-Cells	Corinaldesi et al.	ok	2026-08-05T19:41:05Z
Dieudonne_2024/csv_paired/SRR28422120_1_Paired_All.csv.gz	paired	https://opig.stats.ox.ac.uk/webapps/ngsdb/paired/Dieudonne_2024/csv_paired/SRR28422120_1_Paired_All.csv.gz	csv_paired	Dieudonne_2024		377	human	All	Paired	Primary Antiphospholipid Syndrome	None	no	no	no	PBMC	Unsorted-B-Cells	Dieudonne et al.	ok	2026-08-05T19:41:05Z
Dieudonne_2024/csv_paired/SRR28422121_1_Paired_All.csv.gz	paired	https://opig.stats.ox.ac.uk/webapps/ngsdb/paired/Dieudonne_2024/csv_paired/SRR28422121_1_Paired_All.csv.gz	csv_paired	Dieudonne_2024		797	human	All	Paired	Primary Antiphospholipid Syndrome	None	no	29.0	no	PBMC	Unsorted-B-Cells	Dieudonne et al.	ok	2026-08-05T19:41:05Z
Dieudonne_2024/csv_paired/SRR28422122_1_Paired_All.csv.gz	paired	https://opig.stats.ox.ac.uk/webapps/ngsdb/paired/Dieudonne_2024/csv_paired/SRR28422122_1_Paired_All.csv.gz	csv_paired	Dieudonne_2024		816	human	All	Paired	Primary Antiphospholipid Syndrome	None	no	54.0	no	PBMC	Unsorted-B-Cells	Dieudonne et al.	ok	2026-08-05T19:41:05Z
Dieudonne_2024/csv_paired/SRR28422123_1_Paired_All.csv.gz	paired	https://opig.stats.ox.ac.uk/webapps/ngsdb/paired/Dieudonne_2024/csv_paired/SRR28422123_1_Paired_All.csv.gz	csv_paired	Dieudonne_2024		1088	human	All	Paired	Primary Antiphospholipid Syndrome	None	no	31.0	no	PBMC	Unsorted-B-Cells	Dieudonne et al.	ok	2026-08-05T19:41:05Z
Dieudonne_2024/csv_paired/SRR28422125_1_Paired_All.csv.gz	paired	https://opig.stats.ox.ac.uk/webapps/ngsdb/paired/Dieudonne_2024/csv_paired/SRR28422125_1_Paired_All.csv.gz	csv_paired	Dieudonne_2024		3549	human	All	Paired	Primary Antiphospholipid Syndrome	None	no	50.0	no	PBMC	Unsorted-B-Cells	Dieudonne et al.	ok	2026-08-05T19:41:05Z
Dieudonne_2024/csv_paired/SRR28422126_1_Paired_All.csv.gz	paired	https://opig.stats.ox.ac.uk/webapps/ngsdb/paired/Dieudonne_2024/csv_paired/SRR28422126_1_Paired_All.csv.gz	csv_paired	Dieudonne_2024		5887	human	All	Paired	Primary Antiphospholipid Syndrome	None	no	no	no	PBMC	Unsorted-B-Cells	Dieudonne et al.	ok	2026-08-05T19:41:05Z
Dieudonne_2024/csv_paired/SRR28422127_1_Paired_All.csv.gz	paired	https://opig.stats.ox.ac.uk/webapps/ngsdb/paired/Dieudonne_2024/csv_paired/SRR28422127_1_Paired_All.csv.gz	csv_paired	Dieudonne_2024		7096	human	All	Paired	Primary Antiphospholipid Syndrome	None	no	no	no	PBMC	Unsorted-B-Cells	Dieudonne et al.	ok	2026-08-05T19:41:05Z
Eccles_2020/csv/SRR10358523_paired.csv.gz	paired	https://opig.stats.ox.ac.uk/webapps/ngsdb/paired/Eccles_2020/csv/SRR10358523_paired.csv.gz	csv	Eccles_2020		100	human	All	Paired	None	None	Healthy-1	33	no	PBMC	RV+B-Cells	Eccles et al., 2020	ok	2026-08-04T14:40:50Z
Eccles_2020/csv/SRR10358524_paired.csv.gz	paired	https://opig.stats.ox.ac.uk/webapps/ngsdb/paired/Eccles_2020/csv/SRR10358524_paired.csv.gz	csv	Eccles_2020		47	human	All	Paired	None	None	Healthy-1	33	no	PBMC	RV+B-Cells	Eccles et al., 2020	ok	2026-08-04T14:40:50Z
Eccles_2020/csv/SRR10358525_paired.csv.gz	paired	https://opig.stats.ox.ac.uk/webapps/ngsdb/paired/Eccles_2020/csv/SRR10358525_paired.csv.gz	csv	Eccles_2020		624	human	All	Paired	None	None	Healthy-1	33	no	PBMC	RV+B-Cells	Eccles et al., 2020	ok	2026-08-05T19:41:05Z
Ferreira_2024/csv_paired/SRR27484536_1_Paired_All.csv.gz	paired	https://opig.stats.ox.ac.uk/webapps/ngsdb/paired/Ferreira_2024/csv_paired/SRR27484536_1_Paired_All.csv.gz	csv_paired	Ferreira_2024		2988	human	All	Paired	Vaccine convalescent	Comirnaty/Comirnaty	donor 31; 32 and 33	no	d7	PBMC	Plasmablasts\, Memory B cells and activated T cells	Ferreira et al. 2024	ok	2026-08-05T19:41:05Z
Ferreira_2024/csv_paired/SRR27484537_1_Paired_All.csv.gz	paired	https://opig.stats.ox.ac.uk/webapps/ngsdb/paired/Ferreira_2024/csv_paired/SRR27484537_1_Paired_All.csv.gz	csv_paired	Ferreira_2024		2987	human	All	Paired	Vaccine convalescent	Comirnaty/Comirnaty	donor 31; 32 and 33	no	d7	PBMC	Plasmablasts\, Memory B cells and activated T cells	Ferreira et al. 2024	ok	2026-08-05T19:41:05Z
Ferreira_2024/csv_paired/SRR27484543_1_Paired_All.csv.gz	paired	https://opig.stats.ox.ac.uk/webapps/ngsdb/paired/Ferreira_2024/csv_paired/SRR27484543_1_Paired_All.csv.gz	csv_paired	Ferreira_2024		2592	human	All	Paired	Vaccine convalescent	Comirnaty	donor 31; 32 and 33	no	d14	PBMC	Plasmablasts\, Memory B cells and activated T cells	Ferreira et al. 2024	ok	2026-08-05T19:41:05Z
Ferreira_2024/csv_paired/SRR27484544_1_Paired_All.csv.gz	paired	https://opig.stats.ox.ac.uk/webapps/ngsdb/paired/Ferreira_2024/csv_paired/SRR27484544_1_Paired_All.csv.gz	csv_paired	Ferreira_2024		2609	human	All	Paired	Vaccine convalescent	Comirnaty	donor 31; 32 and 33	no	d14	PBMC	Plasmablasts\, Memory B cells and activated T cells	Ferreira et al. 2024	ok	2026-08-05T19:41:05Z
Ferreira_2024/csv_paired/SRR27484549_1_Paired_All.csv.gz	paired	https://opig.stats.ox.ac.uk/webapps/ngsdb/paired/Ferreira_2024/csv_paired/SRR27484549_1_Paired_All.csv.gz	csv_paired	Ferreira_2024		2611	human	All	Paired	Vaccine convalescent	Comirnaty	donor 21; 22; 23 and 24	no	d7	PBMC	Plasmablasts\, Memory B cells and activated T cells	Ferreira et al. 2024	ok	2026-08-05T19:41:05Z
Ferreira_2024/csv_paired/SRR27484550_1_Paired_All.csv.gz	paired	https://opig.stats.ox.ac.uk/webapps/ngsdb/paired/Ferreira_2024/csv_paired/SRR27484550_1_Paired_All.csv.gz	csv_paired	Ferreira_2024		2625	human	All	Paired	Vaccine convalescent	Comirnaty	donor 21; 22; 23 and 24	no	d7	PBMC	Plasmablasts\, Memory B cells and activated T cells	Ferreira et al. 2024	ok	2026-08-05T19:41:05Z
Ferreira_2024/csv_paired/SRR27484556_1_Paired_All.csv.gz	paired	https://opig.stats.ox.ac.uk/webapps/ngsdb/paired/Ferreira_2024/csv_paired/SRR27484556_1_Paired_All.csv.gz	csv_paired	Ferreira_2024		2835	human	All	Paired	Vaccine convalescent	Comirnaty	donor 25; 26; 27 and 28	no	d14	PBMC	Plasmablasts\, Memory B cells and activated T cells	Ferreira et al. 2024	ok	2026-08-05T19:41:05Z
Ferreira_2024/csv_paired/SRR27484557_1_Paired_All.csv.gz	paired	https://opig.stats.ox.ac.uk/webapps/ngsdb/paired/Ferreira_2024/csv_paired/SRR27484557_1_Paired_All.csv.gz	csv_paired	Ferreira_2024		2862	human	All	Paired	Vaccine convalescent	Comirnaty	donor 25; 26; 27 and 28	no	d14	PBMC	Plasmablasts\, Memory B cells and activated T cells	Ferreira et al. 2024	ok	2026-08-05T19:41:05Z
Ferreira_2024/csv_paired/SRR27484562_1_Paired_All.csv.gz	paired	https://opig.stats.ox.ac.uk/webapps/ngsdb/paired/Ferreira_2024/csv_paired/SRR27484562_1_Paired_All.csv.gz	csv_paired	Ferreira_2024		4137	human	All	Paired	Vaccine convalescent	COVID-19/Comirnaty	Pool1; donor C1;C2 and C3	no	nan	PBMC	Plasmablasts\, Memory B cells and activated T cells	Ferreira et al. 2024	ok	2026-08-05T19:41:05Z
Ferreira_2024/csv_paired/SRR27484565_1_Paired_All.csv.gz	paired	https://opig.stats.ox.ac.uk/webapps/ngsdb/paired/Ferreira_2024/csv_paired/SRR27484565_1_Paired_All.csv.gz	csv_paired	Ferreira_2024		331	human	All	Paired	Vaccine convalescent	COVID-19/Comirnaty	COVID-19; donor C1;C2 and C3	no	B	PBMC	B cells	Ferreira et al. 2024	ok	2026-08-05T19:41:05Z
Ferreira_2024/csv_paired/SRR27484571_1_Paired_All.csv.gz	paired	https://opig.stats.ox.ac.uk/webapps/ngsdb/paired/Ferreira_2024/csv_paired/SRR27484571_1_Paired_All.csv.gz	csv_paired	Ferreira_2024		1933	human	All	Paired	Vaccine convalescent	Comirnaty	donor 21; 22; 23 and 24	no	d14	PBMC	Plasmablasts\, Memory B cells and activated T cells	Ferreira et al. 2024	ok	2026-08-05T19:41:05Z
Ferreira_2024/csv_paired/SRR27484572_1_Paired_All.csv.gz	paired	https://opig.stats.ox.ac.uk/webapps/ngsdb/paired/Ferreira_2024/csv_paired/SRR27484572_1_Paired_All.csv.gz	csv_paired	Ferreira_2024		1894	human	All	Paired	Vaccine convalescent	Comirnaty	donor 21; 22; 23 and 24	no	d14	PBMC	Plasmablasts\, Memory B cells and activated T cells	Ferreira et al. 2024	ok	2026-08-05T19:41:05Z
Ferreira_2024/csv_paired/SRR27484578_1_Paired_All.csv.gz	paired	https://opig.stats.ox.ac.uk/webapps/ngsdb/paired/Ferreira_2024/csv_paired/SRR27484578_1_Paired_All.csv.gz	csv_paired	Ferreira_2024		2338	human	All	Paired	Vaccine convalescent	Comirnaty	donor 14; 15; 16 and 17	no	d7	PBMC	Plasmablasts\, Memory B cells and activated T cells	Ferreira et al. 2024	ok	2026-08-05T19:41:05Z
Ferreira_2024/csv_paired/SRR27484579_1_Paired_All.csv.gz	paired	https://opig.stats.ox.ac.uk/webapps/ngsdb/paired/Ferreira_2024/csv_paired/SRR27484579_1_Paired_All.csv.gz	csv_paired	Ferreira_2024		2339	human	All	Paired	Vaccine convalescent	Comirnaty	donor 14; 15; 16 and 17	no	d7	PBMC	Plasmablasts\, Memory B cells and activated T cells	Ferreira et al. 2024	ok	2026-08-05T19:41:05Z
Ferreira_2024/csv_paired/SRR27484583_1_Paired_All.csv.gz	paired	https://opig.stats.ox.ac.uk/webapps/ngsdb/paired/Ferreira_2024/csv_paired/SRR27484583_1_Paired_All.csv.gz	csv_paired	Ferreira_2024		4136	human	All	Paired	Vaccine convalescent	DTP	donor T1 and T3	no	6mo	PBMC	Plasmablasts\, Memory B cells and activated T cells	Ferreira et al. 2024	ok	2026-08-05T19:41:05Z
Ferreira_2024/csv_paired/SRR27484586_1_Paired_All.csv.gz	paired	https://opig.stats.ox.ac.uk/webapps/ngsdb/paired/Ferreira_2024/csv_paired/SRR27484586_1_Paired_All.csv.gz	csv_paired	Ferreira_2024		252	human	All	Paired	Vaccine convalescent	DTP	DTP d7; donor T1;T2; T5 and T7	no	B	PBMC	Plasmablasts\, Memory B cells and activated T cells	Ferreira et al. 2024	ok	2026-08-05T19:41:05Z
Ferreira_2024/csv_paired/SRR27484590_1_Paired_All.csv.gz	paired	https://opig.stats.ox.ac.uk/webapps/ngsdb/paired/Ferreira_2024/csv_paired/SRR27484590_1_Paired_All.csv.gz	csv_paired	Ferreira_2024		4044	human	All	Paired	Vaccine convalescent	DTP	donor T2; T3 and T6	no	d7	PBMC	Plasmablasts\, Memory B cells and activated T cells	Ferreira et al. 2024	ok	2026-08-05T19:41:05Z
Ferreira_2024/csv_paired/SRR27484594_1_Paired_All.csv.gz	paired	https://opig.stats.ox.ac.uk/webapps/ngsdb/paired/Ferreira_2024/csv_paired/SRR27484594_1_Paired_All.csv.gz	csv_paired	Ferreira_2024		4546	human	All	Paired	Vaccine convalescent	Comirnaty/Comirnaty/Comirnaty	donor 11	no	d7	PBMC	Plasmablasts\, Memory B cells and activated T cells	Ferreira et al. 2024	ok	2026-08-05T19:41:05Z
Ferreira_2024/csv_paired/SRR27484597_1_Paired_All.csv.gz	paired	https://opig.stats.ox.ac.uk/webapps/ngsdb/paired/Ferreira_2024/csv_paired/SRR27484597_1_Paired_All.csv.gz	csv_paired	Ferreira_2024		98	human	All	Paired	Vaccine convalescent	Comirnaty/Comirnaty	BNT/BNT 7mo; donor 31 and 32	no	B	PBMC	B cells	Ferreira et al. 2024	ok	2026-08-05T19:41:05Z
Ferreira_2024/csv_paired/SRR27484602_1_Paired_All.csv.gz	paired	https://opig.stats.ox.ac.uk/webapps/ngsdb/paired/Ferreira_2024/csv_paired/SRR27484602_1_Paired_All.csv.gz	csv_paired	Ferreira_2024		2814	human	All	Paired	Vaccine convalescent	Vaxzevria/Comirnaty	donor 51; 53 and 58	no	d7	PBMC	Plasmablasts\, Memory B cells and activated T cells	Ferreira et al. 2024	ok	2026-08-05T19:41:05Z
Ferreira_2024/csv_paired/SRR27484603_1_Paired_All.csv.gz	paired	https://opig.stats.ox.ac.uk/webapps/ngsdb/paired/Ferreira_2024/csv_paired/SRR27484603_1_Paired_All.csv.gz	csv_paired	Ferreira_2024		2720	human	All	Paired	Vaccine convalescent	Vaxzevria/Comirnaty	donor 51; 53 and 58	no	d7	PBMC	Plasmablasts\, Memory B cells and activated T cells	Ferreira et al. 2024	ok	2026-08-05T19:41:05Z
Ferreira_2024/csv_paired/SRR27484609_1_Paired_All.csv.gz	paired	https://opig.stats.ox.ac.uk/webapps/ngsdb/paired/Ferreira_2024/csv_paired/SRR27484609_1_Paired_All.csv.gz	csv_paired	Ferreira_2024		2680	human	All	Paired	Vaccine convalescent	Vaxzevria	donor 53; 54; 57 and 58	no	d14	PBMC	Plasmablasts\, Memory B cells and activated T cells	Ferreira et al. 2024	ok	2026-08-05T19:41:05Z
Ferreira_2024/csv_paired/SRR27484610_1_Paired_All.csv.gz	paired	https://opig.stats.ox.ac.uk/webapps/ngsdb/paired/Ferreira_2024/csv_paired/SRR27484610_1_Paired_All.csv.gz	csv_paired	Ferreira_2024		2611	human	All	Paired	Vaccine convalescent	Vaxzevria	donor 53; 54; 57 and 58	no	d14	PBMC	Plasmablasts\, Memory B cells and activated T cells	Ferreira et al. 2024	ok	2026-08-05T19:41:05Z
Ferreira_2024/csv_paired/SRR27484616_1_Paired_All.csv.gz	paired	https://opig.stats.ox.ac.uk/webapps/ngsdb/paired/Ferreira_2024/csv_paired/SRR27484616_1_Paired_All.csv.gz	csv_paired	Ferreira_2024		5239	human	All	Paired	Vaccine convalescent	Vaxzevria	donor 55; 56 and 57	no	d7	PBMC	Plasmablasts\, Memory B cells and activated T cells	Ferreira et al. 2024	ok	2026-08-05T19:41:05Z
Ferreira_2024/csv_paired/SRR27484617_1_Paired_All.csv.gz	paired	https://opig.stats.ox.ac.uk/webapps/ngsdb/paired/Ferreira_2024/csv_paired/SRR27484617_1_Paired_All.csv.gz	csv_paired	Ferreira_2024		5235	human	All	Paired	Vaccine convalescent	Vaxzevria	donor 55; 56 and 57	no	d7	PBMC	Plasmablasts\, Memory B cells and activated T cells	Ferreira et al. 2024	ok	2026-08-05T19:41:05Z
Ferreira_2024/csv_paired/SRR27484623_1_Paired_All.csv.gz	paired	https://opig.stats.ox.ac.uk/webapps/ngsdb/paired/Ferreira_2024/csv_paired/SRR27484623_1_Paired_All.csv.gz	csv_paired	Ferreira_2024		4274	human	All	Paired	Vaccine convalescent	Vaxzevria	donor 51; 52; 53; 54 and 55	no	d7	PBMC	Plasmablasts\, Memory B cells and activated T cells	Ferreira et al. 2024	ok	2026-08-05T19:41:05Z
Ferreira_2024/csv_paired/SRR27484624_1_Paired_All.csv.gz	paired	https://opig.stats.ox.ac.uk/webapps/ngsdb/paired/Ferreira_2024/csv_paired/SRR27484624_1_Paired_All.csv.gz	csv_paired	Ferreira_2024		4268	human	All	Paired	Vaccine convalescent	Vaxzevria	donor 51; 52; 53; 54 and 55	no	d7	PBMC	Plasmablasts\, Memory B cells and activated T cells	Ferreira et al. 2024	ok	2026-08-05T19:41:05Z
Ferreira_2024/csv_paired/SRR27484628_1_Paired_All.csv.gz	paired	https://opig.stats.ox.ac.uk/webapps/ngsdb/paired/Ferreira_2024/csv_paired/SRR27484628_1_Paired_All.csv.gz	csv_paired	Ferreira_2024		152	human	All	Paired	Vaccine convalescent	Comirnaty/Comirnaty	BNT/BNT d7;donor 21; 22; 23; 24; 25; 26; 27 and 28	no	B	PBMC	B cells	Ferreira et al. 2024	ok	2026-08-05T19:41:05Z
Ferreira_2024/csv_paired/SRR27484629_1_Paired_All.csv.gz	paired	https://opig.stats.ox.ac.uk/webapps/ngsdb/paired/Ferreira_2024/csv_paired/SRR27484629_1_Paired_All.csv.gz	csv_paired	Ferreira_2024		148	human	All	Paired	Vaccine convalescent	Comirnaty/Comirnaty	BNT/BNT d7;donor 21; 22; 23; 24; 25; 26; 27 and 28	no	B	PBMC	B cells	Ferreira et al. 2024	ok	2026-08-05T19:41:05Z
Ferreira_2024/csv_paired/SRR27484635_1_Paired_All.csv.gz	paired	https://opig.stats.ox.ac.uk/webapps/ngsdb/paired/Ferreira_2024/csv_paired/SRR27484635_1_Paired_All.csv.gz	csv_paired	Ferreira_2024		2587	human	All	Paired	Vaccine convalescent	Comirnaty	donor 25; 26; 27 and 28	no	d7	PBMC	Plasmablasts\, Memory B cells and activated T cells	Ferreira et al. 2024	ok	2026-08-05T19:41:05Z
Ferreira_2024/csv_paired/SRR27484636_1_Paired_All.csv.gz	paired	https://opig.stats.ox.ac.uk/webapps/ngsdb/paired/Ferreira_2024/csv_paired/SRR27484636_1_Paired_All.csv.gz	csv_paired	Ferreira_2024		2569	human	All	Paired	Vaccine convalescent	Comirnaty	donor 25; 26; 27 and 28	no	d7	PBMC	Plasmablasts\, Memory B cells and activated T cells	Ferreira et al. 2024	ok	2026-08-05T19:41:05Z
Ferreira_2024/csv_paired/SRR27484642_1_Paired_All.csv.gz	paired	https://opig.stats.ox.ac.uk/webapps/ngsdb/paired/Ferreira_2024/csv_paired/SRR27484642_1_Paired_All.csv.gz	csv_paired	Ferreira_2024		2658	human	All	Paired	Vaccine convalescent	Comirnaty	donor 11; 12 and 13	no	d7	PBMC	Plasmablasts\, Memory B cells and activated T cells	Ferreira et al. 2024	ok	2026-08-05T19:41:05Z
Ferreira_2024/csv_paired/SRR27484643_1_Paired_All.csv.gz	paired	https://opig.stats.ox.ac.uk/webapps/ngsdb/paired/Ferreira_2024/csv_paired/SRR27484643_1_Paired_All.csv.gz	csv_paired	Ferreira_2024		2625	human	All	Paired	Vaccine convalescent	Comirnaty	donor 11; 12 and 13	no	d7	PBMC	Plasmablasts\, Memory B cells and activated T cells	Ferreira et al. 2024	ok	2026-08-05T19:41:05Z
Ferreira_2024/csv_paired/SRR27484649_1_Paired_All.csv.gz	paired	https://opig.stats.ox.ac.uk/webapps/ngsdb/paired/Ferreira_2024/csv_paired/SRR27484649_1_Paired_All.csv.gz	csv_paired	Ferreira_2024		2487	human	All	Paired	Vaccine convalescent	Comirnaty/Comirnaty	donor 12; 13; 15 and 16	no	d7	PBMC	Plasmablasts\, Memory B cells and activated T cells	Ferreira et al. 2024	ok	2026-08-05T19:41:05Z
Ferreira_2024/csv_paired/SRR27484650_1_Paired_All.csv.gz	paired	https://opig.stats.ox.ac.uk/webapps/ngsdb/paired/Ferreira_2024/csv_paired/SRR27484650_1_Paired_All.csv.gz	csv_paired	Ferreira_2024		2498	human	All	Paired	Vaccine convalescent	Comirnaty/Comirnaty	donor 12; 13; 15 and 16	no	d7	PBMC	Plasmablasts\, Memory B cells and activated T cells	Ferreira et al. 2024	ok	2026-08-05T19:41:05Z
Ferreira_2024/csv_paired/SRR27484656_1_Paired_All.csv.gz	paired	https://opig.stats.ox.ac.uk/webapps/ngsdb/paired/Ferreira_2024/csv_paired/SRR27484656_1_Paired_All.csv.gz	csv_paired	Ferreira_2024		2644	human	All	Paired	Vaccine convalescent	Comirnaty	donor 13; 16 and 17	no	d14	PBMC	Plasmablasts\, Memory B cells and activated T cells	Ferreira et al. 2024	ok	2026-08-05T19:41:05Z
Ferreira_2024/csv_paired/SRR27484657_1_Paired_All.csv.gz	paired	https://opig.stats.ox.ac.uk/webapps/ngsdb/paired/Ferreira_2024/csv_paired/SRR27484657_1_Paired_All.csv.gz	csv_paired	Ferreira_2024		2661	human	All	Paired	Vaccine convalescent	Comirnaty	donor 13; 16 and 17	no	d14	PBMC	Plasmablasts\, Memory B cells and activated T cells	Ferreira et al. 2024	ok	2026-08-05T19:41:05Z
Ferreira_2024/csv_paired/SRR27484663_1_Paired_All.csv.gz	paired	https://opig.stats.ox.ac.uk/webapps/ngsdb/paired/Ferreira_2024/csv_paired/SRR27484663_1_Paired_All.csv.gz	csv_paired	Ferreira_2024		3526	human	All	Paired	Vaccine convalescent	Comirnaty	donor 11; 12; 14 and 15	no	d14	PBMC	Plasmablasts\, Memory B cells and activated T cells	Ferreira et al. 2024	ok	2026-08-05T19:41:05Z
Ferreira_2024/csv_paired/SRR27484664_1_Paired_All.csv.gz	paired	https://opig.stats.ox.ac.uk/webapps/ngsdb/paired/Ferreira_2024/csv_paired/SRR27484664_1_Paired_All.csv.gz	csv_paired	Ferreira_2024		3495	human	All	Paired	Vaccine convalescent	Comirnaty	donor 11; 12; 14 and 15	no	d14	PBMC	Plasmablasts\, Memory B cells and activated T cells	Ferreira et al. 2024	ok	2026-08-05T19:41:05Z
Ferreira_2024/csv_paired/SRR27484668_1_Paired_All.csv.gz	paired	https://opig.stats.ox.ac.uk/webapps/ngsdb/paired/Ferreira_2024/csv_paired/SRR27484668_1_Paired_All.csv.gz	csv_paired	Ferreira_2024		7967	human	All	Paired	Vaccine convalescent	DTP	donor T2 and T7	no	6mo	PBMC	Plasmablasts\, Memory B cells and activated T cells	Ferreira et al. 2024	ok	2026-08-05T19:41:05Z
Ferreira_2024/csv_paired/SRR27484672_1_Paired_All.csv.gz	paired	https://opig.stats.ox.ac.uk/webapps/ngsdb/paired/Ferreira_2024/csv_paired/SRR27484672_1_Paired_All.csv.gz	csv_paired	Ferreira_2024		3666	human	All	Paired	Vaccine convalescent	DTP	donor T4; T5 and T6	no	6mo	PBMC	Plasmablasts\, Memory B cells and activated T cells	Ferreira et al. 2024	ok	2026-08-05T19:41:05Z
Ferreira_2024/csv_paired/SRR27484679_1_Paired_All.csv.gz	paired	https://opig.stats.ox.ac.uk/webapps/ngsdb/paired/Ferreira_2024/csv_paired/SRR27484679_1_Paired_All.csv.gz	csv_paired	Ferreira_2024		3699	human	All	Paired	Vaccine convalescent	DTP	donor T5 and T7	no	d7	PBMC	Plasmablasts\, Memory B cells and activated T cells	Ferreira et al. 2024	ok	2026-08-05T19:41:05Z
Ferreira_2024/csv_paired/SRR27484683_1_Paired_All.csv.gz	paired	https://opig.stats.ox.ac.uk/webapps/ngsdb/paired/Ferreira_2024/csv_paired/SRR27484683_1_Paired_All.csv.gz	csv_paired	Ferreira_2024		3877	human	All	Paired	Vaccine convalescent	DTP	donor T1 and T4	no	d7	PBMC	Plasmablasts\, Memory B cells and activated T cells	Ferreira et al. 2024	ok	2026-08-05T19:41:05Z
Ferreira_2024/csv_paired/SRR27484686_1_Paired_All.csv.gz	paired	https://opig.stats.ox.ac.uk/webapps/ngsdb/paired/Ferreira_2024/csv_paired/SRR27484686_1_Paired_All.csv.gz	csv_paired	Ferreira_2024		4017	human	All	Paired	Vaccine convalescent	Comirnaty/Comirnaty	donor 31 and 32	no	7mo	PBMC	Plasmablasts\, Memory B cells and activated T cells	Ferreira et al. 2024	ok	2026-08-05T19:41:05Z
Ferreira_2024/csv_paired/SRR27484690_1_Paired_All.csv.gz	paired	https://opig.stats.ox.ac.uk/webapps/ngsdb/paired/Ferreira_2024/csv_paired/SRR27484690_1_Paired_All.csv.gz	csv_paired	Ferreira_2024		4131	human	All	Paired	Vaccine convalescent	Comirnaty/Comirnaty	donor 24 and 25	no	7mo	PBMC	Plasmablasts\, Memory B cells and activated T cells	Ferreira et al. 2024	ok	2026-08-05T19:41:05Z
Ferreira_2024/csv_paired/SRR27484694_1_Paired_All.csv.gz	paired	https://opig.stats.ox.ac.uk/webapps/ngsdb/paired/Ferreira_2024/csv_paired/SRR27484694_1_Paired_All.csv.gz	csv_paired	Ferreira_2024		2786	human	All	Paired	Vaccine convalescent	Comirnaty	donor 21; 22; 23 and 24	no	d7	PBMC	Plasmablasts\, Memory B cells and activated T cells	Ferreira et al. 2024	ok	2026-08-05T19:41:05Z
Ferreira_2024/csv_paired/SRR27484695_1_Paired_All.csv.gz	paired	https://opig.stats.ox.ac.uk/webapps/ngsdb/paired/Ferreira_2024/csv_paired/SRR27484695_1_Paired_All.csv.gz	csv_paired	Ferreira_2024		2759	human	All	Paired	Vaccine convalescent	Comirnaty	donor 21; 22; 23 and 24	no	d7	PBMC	Plasmablasts\, Memory B cells and activated T cells	Ferreira et al. 2024	ok	2026-08-05T19:41:05Z
Ferreira_2024/csv_paired/SRR27484701_1_Paired_All.csv.gz	paired	https://opig.stats.ox.ac.uk/webapps/ngsdb/paired/Ferreira_2024/csv_paired/SRR27484701_1_Paired_All.csv.gz	csv_paired	Ferreira_2024		3857	human	All	Paired	Vaccine convalescent	Comirnaty/Comirnaty	donor 25; 26; 27 and 28	no	d7	PBMC	Plasmablasts\, Memory B cells and activated T cells	Ferreira et al. 2024	ok	2026-08-05T19:41:05Z
Ferreira_2024/csv_paired/SRR27484702_1_Paired_All.csv.gz	paired	https://opig.stats.ox.ac.uk/webapps/ngsdb/paired/Ferreira_2024/csv_paired/SRR27484702_1_Paired_All.csv.gz	csv_paired	Ferreira_2024		3868	human	All	Paired	Vaccine convalescent	Comirnaty/Comirnaty	donor 25; 26; 27 and 28	no	d7	PBMC	Plasmablasts\, Memory B cells and activated T cells	Ferreira et al. 2024	ok	2026-08-05T19:41:05Z
Ferreira_2024/csv_paired/SRR27484707_1_Paired_All.csv.gz	paired	https://opig.stats.ox.ac.uk/webapps/ngsdb/paired/Ferreira_2024/csv_paired/SRR27484707_1_Paired_All.csv.gz	csv_paired	Ferreira_2024		5105	human	All	Paired	Vaccine convalescent	COVID-19/Comirnaty	donor C3	no	nan	PBMC	Plasmablasts\, Memory B cells and activated T cells	Ferreira et al. 2024	ok	2026-08-05T19:41:05Z
Ferreira_2024/csv_paired/SRR27484711_1_Paired_All.csv.gz	paired	https://opig.stats.ox.ac.uk/webapps/ngsdb/paired/Ferreira_2024/csv_paired/SRR27484711_1_Paired_All.csv.gz	csv_paired	Ferreira_2024		4891	human	All	Paired	Vaccine convalescent	COVID-19/Comirnaty	Pool2; donor C1;C2 and C3	no	nan	PBMC	Plasmablasts\, Memory B cells and activated T cells	Ferreira et al. 2024	ok	2026-08-05T19:41:05Z
Ferreira_2024/csv_paired/SRR27484717_1_Paired_All.csv.gz	paired	https://opig.stats.ox.ac.uk/webapps/ngsdb/paired/Ferreira_2024/csv_paired/SRR27484717_1_Paired_All.csv.gz	csv_paired	Ferreira_2024		5647	human	All	Paired	Vaccine convalescent	Comirnaty/Comirnaty/Comirnaty	donor 27	no	d7	PBMC	Plasmablasts\, Memory B cells and activated T cells	Ferreira et al. 2024	ok	2026-08-05T19:41:05Z
Ferreira_2024/csv_paired/SRR27484721_1_Paired_All.csv.gz	paired	https://opig.stats.ox.ac.uk/webapps/ngsdb/paired/Ferreira_2024/csv_paired/SRR27484721_1_Paired_All.csv.gz	csv_paired	Ferreira_2024		4051	human	All	Paired	Vaccine convalescent	Comirnaty/Comirnaty/Comirnaty	donor 25	no	d7	PBMC	Plasmablasts\, Memory B cells and activated T cells	Ferreira et al. 2024	ok	2026-08-05T19:41:05Z
Ferreira_2024/csv_paired/SRR27484724_1_Paired_All.csv.gz	paired	https://opig.stats.ox.ac.uk/webapps/ngsdb/paired/Ferreira_2024/csv_paired/SRR27484724_1_Paired_All.csv.gz	csv_paired	Ferreira_2024		5179	human	All	Paired	Vaccine convalescent	Comirnaty/Comirnaty	donor 11 and 27	no	7mo	PBMC	Plasmablasts\, Memory B cells and activated T cells	Ferreira et al. 2024	ok	2026-08-05T19:41:05Z
Ferreira_2024/csv_paired/SRR27484729_1_Paired_All.csv.gz	paired	https://opig.stats.ox.ac.uk/webapps/ngsdb/paired/Ferreira_2024/csv_paired/SRR27484729_1_Paired_All.csv.gz	csv_paired	Ferreira_2024		2486	human	All	Paired	Vaccine convalescent	Vaxzevria/Comirnaty	donor 54; 55; 56 and 57	no	d7	PBMC	Plasmablasts\, Memory B cells and activated T cells	Ferreira et al. 2024	ok	2026-08-05T19:41:05Z
Ferreira_2024/csv_paired/SRR27484730_1_Paired_All.csv.gz	paired	https://opig.stats.ox.ac.uk/webapps/ngsdb/paired/Ferreira_2024/csv_paired/SRR27484730_1_Paired_All.csv.gz	csv_paired	Ferreira_2024		2461	human	All	Paired	Vaccine convalescent	Vaxzevria/Comirnaty	donor 54; 55; 56 and 57	no	d7	PBMC	Plasmablasts\, Memory B cells and activated T cells	Ferreira et al. 2024	ok	2026-08-05T19:41:05Z
Ferreira_2024/csv_paired/SRR27484736_1_Paired_All.csv.gz	paired	https://opig.stats.ox.ac.uk/webapps/ngsdb/paired/Ferreira_2024/csv_paired/SRR27484736_1_Paired_All.csv.gz	csv_paired	Ferreira_2024		2849	human	All	Paired	Vaccine convalescent	Vaxzevria	donor 51; 52; 55 and 56	no	d14	PBMC	Plasmablasts\, Memory B cells and activated T cells	Ferreira et al. 2024	ok	2026-08-05T19:41:05Z
Ferreira_2024/csv_paired/SRR27484737_1_Paired_All.csv.gz	paired	https://opig.stats.ox.ac.uk/webapps/ngsdb/paired/Ferreira_2024/csv_paired/SRR27484737_1_Paired_All.csv.gz	csv_paired	Ferreira_2024		2870	human	All	Paired	Vaccine convalescent	Vaxzevria	donor 51; 52; 55 and 56	no	d14	PBMC	Plasmablasts\, Memory B cells and activated T cells	Ferreira et al. 2024	ok	2026-08-05T19:41:05Z
Ferreira_2024/csv_paired/SRR27484743_1_Paired_All.csv.gz	paired	https://opig.stats.ox.ac.uk/webapps/ngsdb/paired/Ferreira_2024/csv_paired/SRR27484743_1_Paired_All.csv.gz	csv_paired	Ferreira_2024		2844	human	All	Paired	Vaccine convalescent	Vaxzevria	donor 58	no	d7	PBMC	Plasmablasts\, Memory B cells and activated T cells	Ferreira et al. 2024	ok	2026-08-05T19:41:05Z
Ferreira_2024/csv_paired/SRR27484744_1_Paired_All.csv.gz	paired	https://opig.stats.ox.ac.uk/webapps/ngsdb/paired/Ferreira_2024/csv_paired/SRR27484744_1_Paired_All.csv.gz	csv_paired	Ferreira_2024		2825	human	All	Paired	Vaccine convalescent	Vaxzevria	donor 58	no	d7	PBMC	Plasmablasts\, Memory B cells and activated T cells	Ferreira et al. 2024	ok	2026-08-05T19:41:05Z
Ferreira_2024/csv_paired/SRR27680244_1_Paired_All.csv.gz	paired	https://opig.stats.ox.ac.uk/webapps/ngsdb/paired/Ferreira_2024/csv_paired/SRR27680244_1_Paired_All.csv.gz	csv_paired	Ferreira_2024		7464	human	All	Paired	Vaccine convalescent	None	donor 555	no	PC	PBMC	Plasma cells and Memory B cells	Ferreira et al. 2024	ok	2026-08-05T19:41:05Z
Ferreira_2024/csv_paired/SRR27680247_1_Paired_All.csv.gz	paired	https://opig.stats.ox.ac.uk/webapps/ngsdb/paired/Ferreira_2024/csv_paired/SRR27680247_1_Paired_All.csv.gz	csv_paired	Ferreira_2024		337	human	All	Paired	Vaccine convalescent	None	donor 555 and 556	no	B	PBMC	B cells	Ferreira et al. 2024	ok	2026-08-05T19:41:05Z
Ferreira_2024/csv_paired/SRR27680250_1_Paired_All.csv.gz	paired	https://opig.stats.ox.ac.uk/webapps/ngsdb/paired/Ferreira_2024/csv_paired/SRR27680250_1_Paired_All.csv.gz	csv_paired	Ferreira_2024		5995	human	All	Paired	Vaccine convalescent	None	donor 559	no	PC	PBMC	Plasma cells and Memory B cells	Ferreira et al. 2024	ok	2026-08-05T19:41:05Z
Ferreira_2024/csv_paired/SRR27680253_1_Paired_All.csv.gz	paired	https://opig.stats.ox.ac.uk/webapps/ngsdb/paired/Ferreira_2024/csv_paired/SRR27680253_1_Paired_All.csv.gz	csv_paired	Ferreira_2024		64	human	All	Paired	Vaccine convalescent	None	donor 559	no	B	PBMC	B cells	Ferreira et al. 2024	ok	2026-08-05T19:41:05Z
Ferreira_2024/csv_paired/SRR27680256_1_Paired_All.csv.gz	paired	https://opig.stats.ox.ac.uk/webapps/ngsdb/paired/Ferreira_2024/csv_paired/SRR27680256_1_Paired_All.csv.gz	csv_paired	Ferreira_2024		5832	human	All	Paired	Vaccine convalescent	None	donor 558	no	PC	PBMC	Plasma cells and Memory B cells	Ferreira et al. 2024	ok	2026-08-05T19:41:05Z
Ferreira_2024/csv_paired/SRR27680259_1_Paired_All.csv.gz	paired	https://opig.stats.ox.ac.uk/webapps/ngsdb/paired/Ferreira_2024/csv_paired/SRR27680259_1_Paired_All.csv.gz	csv_paired	Ferreira_2024		593	human	All	Paired	Vaccine convalescent	None	donor 546; 547 and 548	no	B	PBMC	B cells	Ferreira et al. 2024	ok	2026-08-05T19:41:05Z
Ferreira_2024/csv_paired/SRR27680262_1_Paired_All.csv.gz	paired	https://opig.stats.ox.ac.uk/webapps/ngsdb/paired/Ferreira_2024/csv_paired/SRR27680262_1_Paired_All.csv.gz	csv_paired	Ferreira_2024		7422	human	All	Paired	Vaccine convalescent	None	donor 1684	no	Bmem	PBMC	Memory B cells	Ferreira et al. 2024	ok	2026-08-05T19:41:05Z
Ferreira_2024/csv_paired/SRR27680263_1_Paired_All.csv.gz	paired	https://opig.stats.ox.ac.uk/webapps/ngsdb/paired/Ferreira_2024/csv_paired/SRR27680263_1_Paired_All.csv.gz	csv_paired	Ferreira_2024		7307	human	All	Paired	Vaccine convalescent	None	donor 1684	no	Bmem	PBMC	Memory B cells	Ferreira et al. 2024	ok	2026-08-05T19:41:05Z
Ferreira_2024/csv_paired/SRR27680268_1_Paired_All.csv.gz	paired	https://opig.stats.ox.ac.uk/webapps/ngsdb/paired/Ferreira_2024/csv_paired/SRR27680268_1_Paired_All.csv.gz	csv_paired	Ferreira_2024		90	human	All	Paired	Vaccine convalescent	None	donor 558	no	B	PBMC	B cells	Ferreira et al. 2024	ok	2026-08-05T19:41:05Z
Ferreira_2024/csv_paired/SRR27680271_1_Paired_All.csv.gz	paired	https://opig.stats.ox.ac.uk/webapps/ngsdb/paired/Ferreira_2024/csv_paired/SRR27680271_1_Paired_All.csv.gz	csv_paired	Ferreira_2024		597	human	All	Paired	Vaccine convalescent	None	donor 558	no	B	PBMC	B cells	Ferreira et al. 2024	ok	2026-08-05T19:41:05Z
Ferreira_2024/csv_paired/SRR27680274_1_Paired_All.csv.gz	paired	https://opig.stats.ox.ac.uk/webapps/ngsdb/paired/Ferreira_2024/csv_paired/SRR27680274_1_Paired_All.csv.gz	csv_paired	Ferreira_2024		4620	human	All	Paired	Vaccine convalescent	None	donor 556; blood Bmem; donor 555	no	PC	PBMC	Plasma cells and Memory B cells	Ferreira et al. 2024	ok	2026-08-05T19:41:05Z
Ferreira_2024/csv_paired/SRR27680275_1_Paired_All.csv.gz	paired	https://opig.stats.ox.ac.uk/webapps/ngsdb/paired/Ferreira_2024/csv_paired/SRR27680275_1_Paired_All.csv.gz	csv_paired	Ferreira_2024		3423	human	All	Paired	Vaccine convalescent	None	donor 1684	no	Bmem	PBMC	Memory B cells	Ferreira et al. 2024	ok	2026-08-05T19:41:05Z
Ferreira_2024/csv_paired/SRR27680276_1_Paired_All.csv.gz	paired	https://opig.stats.ox.ac.uk/webapps/ngsdb/paired/Ferreira_2024/csv_paired/SRR27680276_1_Paired_All.csv.gz	csv_paired	Ferreira_2024		3403	human	All	Paired	Vaccine convalescent	None	donor 1684	no	Bmem	PBMC	Memory B cells	Ferreira et al. 2024	ok	2026-08-05T19:41:05Z
Ferreira_2024/csv_paired/SRR27680280_1_Paired_All.csv.gz	paired	https://opig.stats.ox.ac.uk/webapps/ngsdb/paired/Ferreira_2024/csv_paired/SRR27680280_1_Paired_All.csv.gz	csv_paired	Ferreira_2024		8226	human	All	Paired	Vaccine convalescent	None	donor 1684	no	PC	PBMC	Plasma cells	Ferreira et al. 2024	ok	2026-08-05T19:41:05Z
Ferreira_2024/csv_paired/SRR27680281_1_Paired_All.csv.gz	paired	https://opig.stats.ox.ac.uk/webapps/ngsdb/paired/Ferreira_2024/csv_paired/SRR27680281_1_Paired_All.csv.gz	csv_paired	Ferreira_2024		8120	human	All	Paired	Vaccine convalescent	None	donor 1684	no	PC	PBMC	Plasma cells	Ferreira et al. 2024	ok	2026-08-05T19:41:05Z
Ferreira_2024/csv_paired/SRR27680284_1_Paired_All.csv.gz	paired	https://opig.stats.ox.ac.uk/webapps/ngsdb/paired/Ferreira_2024/csv_paired/SRR27680284_1_Paired_All.csv.gz	csv_paired	Ferreira_2024		7994	human	All	Paired	Vaccine convalescent	None	donor 1681	no	Bmem	PBMC	Memory B cells	Ferreira et al. 2024	ok	2026-08-05T19:41:05Z
Ferreira_2024/csv_paired/SRR27680285_1_Paired_All.csv.gz	paired	https://opig.stats.ox.ac.uk/webapps/ngsdb/paired/Ferreira_2024/csv_paired/SRR27680285_1_Paired_All.csv.gz	csv_paired	Ferreira_2024		4796	human	All	Paired	Vaccine convalescent	None	donor 561	no	PB	PBMC	Plasmablasts and Memory B cells	Ferreira et al. 2024	ok	2026-08-05T19:41:05Z
Ferreira_2024/csv_paired/SRR27680288_1_Paired_All.csv.gz	paired	https://opig.stats.ox.ac.uk/webapps/ngsdb/paired/Ferreira_2024/csv_paired/SRR27680288_1_Paired_All.csv.gz	csv_paired	Ferreira_2024		4817	human	All	Paired	Vaccine convalescent	None	donor 561	no	PC	PBMC	Plasma cells and Memory B cells	Ferreira et al. 2024	ok	2026-08-05T19:41:05Z
Ferreira_2024/csv_paired/SRR27680291_1_Paired_All.csv.gz	paired	https://opig.stats.ox.ac.uk/webapps/ngsdb/paired/Ferreira_2024/csv_paired/SRR27680291_1_Paired_All.csv.gz	csv_paired	Ferreira_2024		90	human	All	Paired	Vaccine convalescent	None	donor 555 and 556	no	B	PBMC	B cells	Ferreira et al. 2024	ok	2026-08-05T19:41:05Z
Ferreira_2024/csv_paired/SRR27680294_1_Paired_All.csv.gz	paired	https://opig.stats.ox.ac.uk/webapps/ngsdb/paired/Ferreira_2024/csv_paired/SRR27680294_1_Paired_All.csv.gz	csv_paired	Ferreira_2024		5855	human	All	Paired	Vaccine convalescent	None	donor 553	no	PC	PBMC	Plasma cells and Memory B cells	Ferreira et al. 2024	ok	2026-08-05T19:41:05Z
Ferreira_2024/csv_paired/SRR27680297_1_Paired_All.csv.gz	paired	https://opig.stats.ox.ac.uk/webapps/ngsdb/paired/Ferreira_2024/csv_paired/SRR27680297_1_Paired_All.csv.gz	csv_paired	Ferreira_2024		952	human	All	Paired	Vaccine convalescent	None	donor 553	no	B	PBMC	B cells	Ferreira et al. 2024	ok	2026-08-05T19:41:05Z
Ferreira_2024/csv_paired/SRR27680301_1_Paired_All.csv.gz	paired	https://opig.stats.ox.ac.uk/webapps/ngsdb/paired/Ferreira_2024/csv_paired/SRR27680301_1_Paired_All.csv.gz	csv_paired	Ferreira_2024		6574	human	All	Paired	Vaccine convalescent	None	donor 1681	no	Bmem	PBMC	Memory B cells	Ferreira et al. 2024	ok	2026-08-05T19:41:05Z
Ferreira_2024/csv_paired/SRR27680307_1_Paired_All.csv.gz	paired	https://opig.stats.ox.ac.uk/webapps/ngsdb/paired/Ferreira_2024/csv_paired/SRR27680307_1_Paired_All.csv.gz	csv_paired	Ferreira_2024		8347	human	All	Paired	Vaccine convalescent	None	donor 1681	no	PC	PBMC	Plasma cells	Ferreira et al. 2024	ok	2026-08-05T19:41:05Z
Ferreira_2024/csv_paired/SRR27680308_1_Paired_All.csv.gz	paired	https://opig.stats.ox.ac.uk/webapps/ngsdb/paired/Ferreira_2024/csv_paired/SRR27680308_1_Paired_All.csv.gz	csv_paired	Ferreira_2024		8163	human	All	Paired	Vaccine convalescent	None	donor 1681	no	PC	PBMC	Plasma cells	Ferreira et al. 2024	ok	2026-08-05T19:41:05Z
Ferreira_2024/csv_paired/SRR27680310_1_Paired_All.csv.gz	paired	https://opig.stats.ox.ac.uk/webapps/ngsdb/paired/Ferreira_2024/csv_paired/SRR27680310_1_Paired_All.csv.gz	csv_paired	Ferreira_2024		6504	human	All	Paired	Vaccine convalescent	None	donor 1681	no	Bmem	PBMC	Memory B cells	Ferreira et al. 2024	ok	2026-08-05T19:41:05Z
Ferreira_2024/csv_paired/SRR27680312_1_Paired_All.csv.gz	paired	https://opig.stats.ox.ac.uk/webapps/ngsdb/paired/Ferreira_2024/csv_paired/SRR27680312_1_Paired_All.csv.gz	csv_paired	Ferreira_2024		7891	human	All	Paired	Vaccine convalescent	None	donor 1681	no	Bmem	PBMC	Memory B cells	Ferreira et al. 2024	ok	2026-08-05T19:41:05Z
Gao_2024/csv_paired/SRR21535118_1_Paired_All.csv.gz	paired	https://opig.stats.ox.ac.uk/webapps/ngsdb/paired/Gao_2024/csv_paired/SRR21535118_1_Paired_All.csv.gz	csv_paired	Gao_2024		1714	human	All	Paired	Mowat-Wilson syndrome	None	Pt2	4.5 years	no	Tonsillectomy	B cells	Gao et al. 2024	ok	2026-08-05T19:41:05Z
Gao_2024/csv_paired/SRR21535119_1_Paired_All.csv.gz	paired	https://opig.stats.ox.ac.uk/webapps/ngsdb/paired/Gao_2024/csv_paired/SRR21535119_1_Paired_All.csv.gz	csv_paired	Gao_2024		1770	human	All	Paired	Mowat-Wilson syndrome	None	Pt2	4.5 years	no	Tonsillectomy	B cells	Gao et al. 2024	ok	2026-08-05T19:41:05Z
Gao_2024/csv_paired/SRR21535120_1_Paired_All.csv.gz	paired	https://opig.stats.ox.ac.uk/webapps/ngsdb/paired/Gao_2024/csv_paired/SRR21535120_1_Paired_All.csv.gz	csv_paired	Gao_2024		2142	human	All	Paired	Mowat-Wilson syndrome	None	Pt2	4.5 years	no	Tonsillectomy	B cells	Gao et al. 2024	ok	2026-08-05T19:41:05Z
Gao_2024/csv_paired/SRR21535121_1_Paired_All.csv.gz	paired	https://opig.stats.ox.ac.uk/webapps/ngsdb/paired/Gao_2024/csv_paired/SRR21535121_1_Paired_All.csv.gz	csv_paired	Gao_2024		2210	human	All	Paired	Mowat-Wilson syndrome	None	Pt2	4.5 years	no	Tonsillectomy	B cells	Gao et al. 2024	ok	2026-08-05T19:41:05Z
Gao_2024/csv_paired/SRR21535122_1_Paired_All.csv.gz	paired	https://opig.stats.ox.ac.uk/webapps/ngsdb/paired/Gao_2024/csv_paired/SRR21535122_1_Paired_All.csv.gz	csv_paired	Gao_2024		2225	human	All	Paired	Mowat-Wilson syndrome	None	Pt2	4.5 years	no	Tonsillectomy	B cells	Gao et al. 2024	ok	2026-08-05T19:41:05Z
Gao_2024/csv_paired/SRR21535123_1_Paired_All.csv.gz	paired	https://opig.stats.ox.ac.uk/webapps/ngsdb/paired/Gao_2024/csv_paired/SRR21535123_1_Paired_All.csv.gz	csv_paired	Gao_2024		2325	human	All	Paired	Mowat-Wilson syndrome	None	Pt2	4.5 years	no	Tonsillectomy	B cells	Gao et al. 2024	ok	2026-08-05T19:41:05Z
Gao_2024/csv_paired/SRR21535124_1_Paired_All.csv.gz	paired	https://opig.stats.ox.ac.uk/webapps/ngsdb/paired/Gao_2024/csv_paired/SRR21535124_1_Paired_All.csv.gz	csv_paired	Gao_2024		1533	human	All	Paired	Mowat-Wilson syndrome	None	Pt2	4.5 years	no	Tonsillectomy	B cells	Gao et al. 2024	ok	2026-08-05T19:41:05Z
Gao_2024/csv_paired/SRR21535125_1_Paired_All.csv.gz	paired	https://opig.stats.ox.ac.uk/webapps/ngsdb/paired/Gao_2024/csv_paired/SRR21535125_1_Paired_All.csv.gz	csv_paired	Gao_2024		1590	human	All	Paired	Mowat-Wilson syndrome	None	Pt2	4.5 years	no	Tonsillectomy	B cells	Gao et al. 2024	ok	2026-08-05T19:41:05Z
Gao_2024/csv_paired/SRR21535142_1_Paired_All.csv.gz	paired	https://opig.stats.ox.ac.uk/webapps/ngsdb/paired/Gao_2024/csv_paired/SRR21535142_1_Paired_All.csv.gz	csv_paired	Gao_2024		2487	human	All	Paired	Mowat-Wilson syndrome	None	Pt1	4.5 years	no	Tonsillectomy	B cells	Gao et al. 2024	ok	2026-08-05T19:41:05Z
Gao_2024/csv_paired/SRR21535143_1_Paired_All.csv.gz	paired	https://opig.stats.ox.ac.uk/webapps/ngsdb/paired/Gao_2024/csv_paired/SRR21535143_1_Paired_All.csv.gz	csv_paired	Gao_2024		2603	human	All	Paired	Mowat-Wilson syndrome	None	Pt1	4.5 years	no	Tonsillectomy	B cells	Gao et al. 2024	ok	2026-08-05T19:41:05Z
Gao_2024/csv_paired/SRR21535144_1_Paired_All.csv.gz	paired	https://opig.stats.ox.ac.uk/webapps/ngsdb/paired/Gao_2024/csv_paired/SRR21535144_1_Paired_All.csv.gz	csv_paired	Gao_2024		2410	human	All	Paired	Mowat-Wilson syndrome	None	Pt1	4.5 years	no	Tonsillectomy	B cells	Gao et al. 2024	ok	2026-08-05T19:41:05Z
Gao_2024/csv_paired/SRR21535145_1_Paired_All.csv.gz	paired	https://opig.stats.ox.ac.uk/webapps/ngsdb/paired/Gao_2024/csv_paired/SRR21535145_1_Paired_All.csv.gz	csv_paired	Gao_2024		2510	human	All	Paired	Mowat-Wilson syndrome	None	Pt1	4.5 years	no	Tonsillectomy	B cells	Gao et al. 2024	ok	2026-08-05T19:41:05Z
Gao_2024/csv_paired/SRR21535146_1_Paired_All.csv.gz	paired	https://opig.stats.ox.ac.uk/webapps/ngsdb/paired/Gao_2024/csv_paired/SRR21535146_1_Paired_All.csv.gz	csv_paired	Gao_2024		2741	human	All	Paired	Mowat-Wilson syndrome	None	Pt1	4.5 years	no	Tonsillectomy	B cells	Gao et al. 2024	ok	2026-08-05T19:41:05Z
Gao_2024/csv_paired/SRR21535147_1_Paired_All.csv.gz	paired	https://opig.stats.ox.ac.uk/webapps/ngsdb/paired/Gao_2024/csv_paired/SRR21535147_1_Paired_All.csv.gz	csv_paired	Gao_2024		2813	human	All	Paired	Mowat-Wilson syndrome	None	Pt1	4.5 years	no	Tonsillectomy	B cells	Gao et al. 2024	ok	2026-08-05T19:41:05Z
Gao_2024/csv_paired/SRR21535148_1_Paired_All.csv.gz	paired	https://opig.stats.ox.ac.uk/webapps/ngsdb/paired/Gao_2024/csv_paired/SRR21535148_1_Paired_All.csv.gz	csv_paired	Gao_2024		2816	human	All	Paired	Mowat-Wilson syndrome	None	Pt1	4.5 years	no	Tonsillectomy	B cells	Gao et al. 2024	ok	2026-08-05T19:41:05Z
Gao_2024/csv_paired/SRR21535149_1_Paired_All.csv.gz	paired	https://opig.stats.ox.ac.uk/webapps/ngsdb/paired/Gao_2024/csv_paired/SRR21535149_1_Paired_All.csv.gz	csv_paired	Gao_2024		2842	human	All	Paired	Mowat-Wilson syndrome	None	Pt1	4.5 years	no	Tonsillectomy	B cells	Gao et al. 2024	ok	2026-08-05T19:41:05Z
Goldstein_2019/csv/SRR9179273_paired.csv.gz	paired	https://opig.stats.ox.ac.uk/webapps/ngsdb/paired/Goldstein_2019/csv/SRR9179273_paired.csv.gz	csv	Goldstein_2019		2287	mouse_BALB/c	All	Paired	None	None	Mouse-1	8-10-Weeks	no	Lymph	Unsorted-B-Cells	Goldstein et al., 2019	ok	2026-08-05T19:41:05Z
Goldstein_2019/csv/SRR9179274_paired.csv.gz	paired	https://opig.stats.ox.ac.uk/webapps/ngsdb/paired/Goldstein_2019/csv/SRR9179274_paired.csv.gz	csv	Goldstein_2019		2557	mouse_BALB/c	All	Paired	None	None	Mouse-1	8-10-Weeks	no	Lymph	Unsorted-B-Cells	Goldstein et al., 2019	ok	2026-08-05T19:41:05Z
Goldstein_2019/csv/SRR9179275_paired.csv.gz	paired	https://opig.stats.ox.ac.uk/webapps/ngsdb/paired/Goldstein_2019/csv/SRR9179275_paired.csv.gz	csv	Goldstein_2019		3942	rat_SD	All	Paired	None	None	Rat-2	8-10-Weeks	no	Lymph	Unsorted-B-Cells	Goldstein et al., 2019	ok	2026-08-05T19:41:05Z
Goldstein_2019/csv/SRR9179276_paired.csv.gz	paired	https://opig.stats.ox.ac.uk/webapps/ngsdb/paired/Goldstein_2019/csv/SRR9179276_paired.csv.gz	csv	Goldstein_2019		3654	rat_SD	All	Paired	None	None	Rat-2	8-10-Weeks	no	Lymph	Unsorted-B-Cells	Goldstein et al., 2019	ok	2026-08-05T19:41:05Z
Goldstein_2019/csv/SRR9179277_paired.csv.gz	paired	https://opig.stats.ox.ac.uk/webapps/ngsdb/paired/Goldstein_2019/csv/SRR9179277_paired.csv.gz	csv	Goldstein_2019		3176	rat_SD	All	Paired	None	None	Rat-2	8-10-Weeks	no	Lymph	Unsorted-B-Cells	Goldstein et al., 2019	ok	2026-08-05T19:41:05Z
Goldstein_2019/csv/SRR9179278_paired.csv.gz	paired	https://opig.stats.ox.ac.uk/webapps/ngsdb/paired/Goldstein_2019/csv/SRR9179278_paired.csv.gz	csv	Goldstein_2019		3389	rat_SD	All	Paired	None	None	Rat-2	8-10-Weeks	no	Lymph	Unsorted-B-Cells	Goldstein et al., 2019	ok	2026-08-05T19:41:05Z
Goldstein_2019/csv/SRR9179279_paired.csv.gz	paired	https://opig.stats.ox.ac.uk/webapps/ngsdb/paired/Goldstein_2019/csv/SRR9179279_paired.csv.gz	csv	Goldstein_2019		2293	mouse_BALB/c	All	Paired	None	None	Mouse-1	8-10-Weeks	no	Lymph	Unsorted-B-Cells	Goldstein et al., 2019	ok	2026-08-05T19:41:05Z
Goldstein_2019/csv/SRR9179280_paired.csv.gz	paired	https://opig.stats.ox.ac.uk/webapps/ngsdb/paired/Goldstein_2019/csv/SRR9179280_paired.csv.gz	csv	Goldstein_2019		2407	mouse_BALB/c	All	Paired	None	None	Mouse-1	8-10-Weeks	no	Lymph	Unsorted-B-Cells	Goldstein et al., 2019	ok	2026-08-05T19:41:05Z
Goldstein_2019/csv/SRR9179281_paired.csv.gz	paired	https://opig.stats.ox.ac.uk/webapps/ngsdb/paired/Goldstein_2019/csv/SRR9179281_paired.csv.gz	csv	Goldstein_2019		3188	rat_SD	All	Paired	None	None	Rat-2	8-10-Weeks	no	Lymph	Unsorted-B-Cells	Goldstein et al., 2019	ok	2026-08-05T19:41:05Z
Goldstein_2019/csv/SRR9179282_paired.csv.gz	paired	https://opig.stats.ox.ac.uk/webapps/ngsdb/paired/Goldstein_2019/csv/SRR9179282_paired.csv.gz	csv	Goldstein_2019		3513	rat_SD	All	Paired	None	None	Rat-2	8-10-Weeks	no	Lymph	Unsorted-B-Cells	Goldstein et al., 2019	ok	2026-08-05T19:41:05Z
Goldstein_2019/csv/SRR9179283_paired.csv.gz	paired	https://opig.stats.ox.ac.uk/webapps/ngsdb/paired/Goldstein_2019/csv/SRR9179283_paired.csv.gz	csv	Goldstein_2019		2018	mouse_BALB/c	All	Paired	None	None	Mouse-2	8-10-Weeks	no	Lymph	Unsorted-B-Cells	Goldstein et al., 2019	ok	2026-08-05T19:41:05Z
Goldstein_2019/csv/SRR9179284_paired.csv.gz	paired	https://opig.stats.ox.ac.uk/webapps/ngsdb/paired/Goldstein_2019/csv/SRR9179284_paired.csv.gz	csv	Goldstein_2019		1700	mouse_BALB/c	All	Paired	None	None	Mouse-2	8-10-Weeks	no	Lymph	Unsorted-B-Cells	Goldstein et al., 2019	ok	2026-08-05T19:41:05Z
Goldstein_2019/csv/SRR9179285_paired.csv.gz	paired	https://opig.stats.ox.ac.uk/webapps/ngsdb/paired/Goldstein_2019/csv/SRR9179285_paired.csv.gz	csv	Goldstein_2019		2111	mouse_BALB/c	All	Paired	None	None	Mouse-2	8-10-Weeks	no	Lymph	Unsorted-B-Cells	Goldstein et al., 2019	ok	2026-08-05T19:41:05Z
Goldstein_2019/csv/SRR9179286_paired.csv.gz	paired	https://opig.stats.ox.ac.uk/webapps/ngsdb/paired/Goldstein_2019/csv/SRR9179286_paired.csv.gz	csv	Goldstein_2019		1746	mouse_BALB/c	All	Paired	None	None	Mouse-2	8-10-Weeks	no	Lymph	Unsorted-B-Cells	Goldstein et al., 2019	ok	2026-08-05T19:41:05Z
Goldstein_2019/csv/SRR9179287_paired.csv.gz	paired	https://opig.stats.ox.ac.uk/webapps/ngsdb/paired/Goldstein_2019/csv/SRR9179287_paired.csv.gz	csv	Goldstein_2019		1085	rat_SD	All	Paired	None	OVA	Rat-OVA	8-10-Weeks	no	Lymph	Unsorted-B-Cells	Goldstein et al., 2019	ok	2026-08-05T19:41:05Z
Goldstein_2019/csv/SRR9179288_paired.csv.gz	paired	https://opig.stats.ox.ac.uk/webapps/ngsdb/paired/Goldstein_2019/csv/SRR9179288_paired.csv.gz	csv	Goldstein_2019		1085	rat_SD	All	Paired	None	OVA	Rat-OVA	8-10-Weeks	no	Lymph	Unsorted-B-Cells	Goldstein et al., 2019	ok	2026-08-05T19:41:05Z
Goldstein_2019/csv/SRR9179289_paired.csv.gz	paired	https://opig.stats.ox.ac.uk/webapps/ngsdb/paired/Goldstein_2019/csv/SRR9179289_paired.csv.gz	csv	Goldstein_2019		1070	rat_SD	All	Paired	None	OVA	Rat-OVA	8-10-Weeks	no	Lymph	Unsorted-B-Cells	Goldstein et al., 2019	ok	2026-08-05T19:41:05Z
Goldstein_2019/csv/SRR9179290_paired.csv.gz	paired	https://opig.stats.ox.ac.uk/webapps/ngsdb/paired/Goldstein_2019/csv/SRR9179290_paired.csv.gz	csv	Goldstein_2019		1117	rat_SD	All	Paired	None	OVA	Rat-OVA	8-10-Weeks	no	Lymph	Unsorted-B-Cells	Goldstein et al., 2019	ok	2026-08-05T19:41:05Z
Goldstein_2019/csv/SRR9179291_paired.csv.gz	paired	https://opig.stats.ox.ac.uk/webapps/ngsdb/paired/Goldstein_2019/csv/SRR9179291_paired.csv.gz	csv	Goldstein_2019		2400	rat_SD	All	Paired	None	None	Rat-2	8-10-Weeks	no	Lymph	Unsorted-B-Cells	Goldstein et al., 2019	ok	2026-08-05T19:41:05Z
Goldstein_2019/csv/SRR9179292_paired.csv.gz	paired	https://opig.stats.ox.ac.uk/webapps/ngsdb/paired/Goldstein_2019/csv/SRR9179292_paired.csv.gz	csv	Goldstein_2019		3305	rat_SD	All	Paired	None	None	Rat-2	8-10-Weeks	no	Lymph	Unsorted-B-Cells	Goldstein et al., 2019	ok	2026-08-05T19:41:05Z
Goldstein_2019/csv/SRR9179293_paired.csv.gz	paired	https://opig.stats.ox.ac.uk/webapps/ngsdb/paired/Goldstein_2019/csv/SRR9179293_paired.csv.gz	csv	Goldstein_2019		3457	rat_SD	All	Paired	None	None	Rat-1	8-10-Weeks	no	Lymph	Unsorted-B-Cells	Goldstein et al., 2019	ok	2026-08-05T19:41:05Z
Goldstein_2019/csv/SRR9179294_paired.csv.gz	paired	https://opig.stats.ox.ac.uk/webapps/ngsdb/paired/Goldstein_2019/csv/SRR9179294_paired.csv.gz	csv	Goldstein_2019		3285	rat_SD	All	Paired	None	None	Rat-1	8-10-Weeks	no	Lymph	Unsorted-B-Cells	Goldstein et al., 2019	ok	2026-08-05T19:41:05Z
Goldstein_2019/csv/SRR9179295_paired.csv.gz	paired	https://opig.stats.ox.ac.uk/webapps/ngsdb/paired/Goldstein_2019/csv/SRR9179295_paired.csv.gz	csv	Goldstein_2019		2463	rat_SD	All	Paired	None	None	Rat-1	8-10-Weeks	no	Lymph	Unsorted-B-Cells	Goldstein et al., 2019	ok	2026-08-05T19:41:05Z
Goldstein_2019/csv/SRR9179296_paired.csv.gz	paired	https://opig.stats.ox.ac.uk/webapps/ngsdb/paired/Goldstein_2019/csv/SRR9179296_paired.csv.gz	csv	Goldstein_2019		3276	rat_SD	All	Paired	None	None	Rat-1	8-10-Weeks	no	Lymph	Unsorted-B-Cells	Goldstein et al., 2019	ok	2026-08-05T19:41:05Z
Goldstein_2019/csv/SRR9179297_paired.csv.gz	paired	https://opig.stats.ox.ac.uk/webapps/ngsdb/paired/Goldstein_2019/csv/SRR9179297_paired.csv.gz	csv	Goldstein_2019		2956	rat_SD	All	Paired	None	None	Rat-1	8-10-Weeks	no	Lymph	Unsorted-B-Cells	Goldstein et al., 2019	ok	2026-08-05T19:41:05Z
Goldstein_2019/csv/SRR9179298_paired.csv.gz	paired	https://opig.stats.ox.ac.uk/webapps/ngsdb/paired/Goldstein_2019/csv/SRR9179298_paired.csv.gz	csv	Goldstein_2019		3285	rat_SD	All	Paired	None	None	Rat-1	8-10-Weeks	no	Lymph	Unsorted-B-Cells	Goldstein et al., 2019	ok	2026-08-05T19:41:05Z
Goldstein_2019/csv/SRR9179299_paired.csv.gz	paired	https://opig.stats.ox.ac.uk/webapps/ngsdb/paired/Goldstein_2019/csv/SRR9179299_paired.csv.gz	csv	Goldstein_2019		3131	rat_SD	All	Paired	None	None	Rat-1	8-10-Weeks	no	Lymph	Unsorted-B-Cells	Goldstein et al., 2019	ok	2026-08-05T19:41:05Z
Goldstein_2019/csv/SRR9179300_paired.csv.gz	paired	https://opig.stats.ox.ac.uk/webapps/ngsdb/paired/Goldstein_2019/csv/SRR9179300_paired.csv.gz	csv	Goldstein_2019		3165	rat_SD	All	Paired	None	None	Rat-1	8-10-Weeks	no	Lymph	Unsorted-B-Cells	Goldstein et al., 2019	ok	2026-08-05T19:41:05Z
Jaffe_2022/csv/1279049_1_Paired_All.csv.gz	paired	https://opig.stats.ox.ac.uk/webapps/ngsdb/paired/Jaffe_2022/csv/1279049_1_Paired_All.csv.gz	csv	Jaffe_2022		8954	human	All	Paired	SARS-COV-2	None	Donor-2	35	no	PBMC	Naive-B-Cells	Jaffe et al., 2022	ok	2026-08-05T19:41:05Z
Jaffe_2022/csv/1279050_1_Paired_All.csv.gz	paired	https://opig.stats.ox.ac.uk/webapps/ngsdb/paired/Jaffe_2022/csv/1279050_1_Paired_All.csv.gz	csv	Jaffe_2022		15196	human	All	Paired	SARS-COV-2	None	Donor-1	45	no	PBMC	Memory-B-Cells	Jaffe et al., 2022	ok	2026-08-05T19:41:05Z
Jaffe_2022/csv/1279051_1_Paired_All.csv.gz	paired	https://opig.stats.ox.ac.uk/webapps/ngsdb/paired/Jaffe_2022/csv/1279051_1_Paired_All.csv.gz	csv	Jaffe_2022		11508	human	All	Paired	SARS-COV-2	None	Donor-1	45	no	PBMC	Memory-B-Cells	Jaffe et al., 2022	ok	2026-08-05T19:41:05Z
Jaffe_2022/csv/1279052_1_Paired_All.csv.gz	paired	https://opig.stats.ox.ac.uk/webapps/ngsdb/paired/Jaffe_2022/csv/1279052_1_Paired_All.csv.gz	csv	Jaffe_2022		1112	human	All	Paired	SARS-COV-2	None	Donor-1	45	no	PBMC	Plasmablast	Jaffe et al., 2022	ok	2026-08-05T19:41:05Z
Jaffe_2022/csv/1279053_1_Paired_All.csv.gz	paired	https://opig.stats.ox.ac.uk/webapps/ngsdb/paired/Jaffe_2022/csv/1279053_1_Paired_All.csv.gz	csv	Jaffe_2022		10175	human	All	Paired	SARS-COV-2	None	Donor-1	45	no	PBMC	Naive-B-Cells	Jaffe et al., 2022	ok	2026-08-05T19:41:05Z
Jaffe_2022/csv/1279054_1_Paired_All.csv.gz	paired	https://opig.stats.ox.ac.uk/webapps/ngsdb/paired/Jaffe_2022/csv/1279054_1_Paired_All.csv.gz	csv	Jaffe_2022		9723	human	All	Paired	SARS-COV-2	None	Donor-2	35	no	PBMC	Memory-B-Cells	Jaffe et al., 2022	ok	2026-08-05T19:41:05Z
Jaffe_2022/csv/1279055_1_Paired_All.csv.gz	paired	https://opig.stats.ox.ac.uk/webapps/ngsdb/paired/Jaffe_2022/csv/1279055_1_Paired_All.csv.gz	csv	Jaffe_2022		5498	human	All	Paired	SARS-COV-2	None	Donor-2	35	no	PBMC	Memory-B-Cells	Jaffe et al., 2022	ok	2026-08-05T19:41:05Z
Jaffe_2022/csv/1279057_1_Paired_All.csv.gz	paired	https://opig.stats.ox.ac.uk/webapps/ngsdb/paired/Jaffe_2022/csv/1279057_1_Paired_All.csv.gz	csv	Jaffe_2022		9463	human	All	Paired	SARS-COV-2	None	Donor-2	35	no	PBMC	Naive-B-Cells	Jaffe et al., 2022	ok	2026-08-05T19:41:05Z
Jaffe_2022/csv/1279058_1_Paired_All.csv.gz	paired	https://opig.stats.ox.ac.uk/webapps/ngsdb/paired/Jaffe_2022/csv/1279058_1_Paired_All.csv.gz	csv	Jaffe_2022		14965	human	All	Paired	SARS-COV-2	None	Donor-1	45	no	PBMC	Memory-B-Cells	Jaffe et al., 2022	ok	2026-08-05T19:41:05Z
Jaffe_2022/csv/1279059_1_Paired_All.csv.gz	paired	https://opig.stats.ox.ac.uk/webapps/ngsdb/paired/Jaffe_2022/csv/1279059_1_Paired_All.csv.gz	csv	Jaffe_2022		13651	human	All	Paired	SARS-COV-2	None	Donor-1	45	no	PBMC	Memory-B-Cells	Jaffe et al., 2022	ok	2026-08-05T19:41:05Z
Jaffe_2022/csv/1279060_1_Paired_All.csv.gz	paired	https://opig.stats.ox.ac.uk/webapps/ngsdb/paired/Jaffe_2022/csv/1279060_1_Paired_All.csv.gz	csv	Jaffe_2022		1275	human	All	Paired	SARS-COV-2	None	Donor-1	45	no	PBMC	Plasmablast	Jaffe et al., 2022	ok	2026-08-05T19:41:05Z
Jaffe_2022/csv/1279061_1_Paired_All.csv.gz	paired	https://opig.stats.ox.ac.uk/webapps/ngsdb/paired/Jaffe_2022/csv/1279061_1_Paired_All.csv.gz	csv	Jaffe_2022		10493	human	All	Paired	SARS-COV-2	None	Donor-1	45	no	PBMC	Naive-B-Cells	Jaffe et al., 2022	ok	2026-08-05T19:41:05Z
Jaffe_2022/csv/1279062_1_Paired_All.csv.gz	paired	https://opig.stats.ox.ac.uk/webapps/ngsdb/paired/Jaffe_2022/csv/1279062_1_Paired_All.csv.gz	csv	Jaffe_2022		10486	human	All	Paired	SARS-COV-2	None	Donor-2	35	no	PBMC	Memory-B-Cells	Jaffe et al., 2022	ok	2026-08-05T19:41:05Z
Jaffe_2022/csv/1279063_1_Paired_All.csv.gz	paired	https://opig.stats.ox.ac.uk/webapps/ngsdb/paired/Jaffe_2022/csv/1279063_1_Paired_All.csv.gz	csv	Jaffe_2022		4661	human	All	Paired	SARS-COV-2	None	Donor-2	35	no	PBMC	Memory-B-Cells	Jaffe et al., 2022	ok	2026-08-05T19:41:05Z
Jaffe_2022/csv/1279065_1_Paired_All.csv.gz	paired	https://opig.stats.ox.ac.uk/webapps/ngsdb/paired/Jaffe_2022/csv/1279065_1_Paired_All.csv.gz	csv	Jaffe_2022		8369	human	All	Paired	None	None	Donor-3	38	no	PBMC	Naive-B-Cells	Jaffe et al., 2022	ok	2026-08-05T19:41:05Z
Jaffe_2022/csv/1279066_1_Paired_All.csv.gz	paired	https://opig.stats.ox.ac.uk/webapps/ngsdb/paired/Jaffe_2022/csv/1279066_1_Paired_All.csv.gz	csv	Jaffe_2022		12381	human	All	Paired	None	None	Donor-3	38	no	PBMC	Memory-B-Cells	Jaffe et al., 2022	ok	2026-08-05T19:41:05Z
Jaffe_2022/csv/1279067_1_Paired_All.csv.gz	paired	https://opig.stats.ox.ac.uk/webapps/ngsdb/paired/Jaffe_2022/csv/1279067_1_Paired_All.csv.gz	csv	Jaffe_2022		8437	human	All	Paired	None	None	Donor-3	38	no	PBMC	Memory-B-Cells	Jaffe et al., 2022	ok	2026-08-05T19:41:05Z
Jaffe_2022/csv/1279068_1_Paired_All.csv.gz	paired	https://opig.stats.ox.ac.uk/webapps/ngsdb/paired/Jaffe_2022/csv/1279068_1_Paired_All.csv.gz	csv	Jaffe_2022		843	human	All	Paired	None	None	Donor-3	38	no	PBMC	Plasmablast	Jaffe et al., 2022	ok	2026-08-05T19:41:05Z
Jaffe_2022/csv/1279069_1_Paired_All.csv.gz	paired	https://opig.stats.ox.ac.uk/webapps/ngsdb/paired/Jaffe_2022/csv/1279069_1_Paired_All.csv.gz	csv	Jaffe_2022		12228	human	All	Paired	CMV	None	Donor-4	50	no	PBMC	Naive-B-Cells	Jaffe et al., 2022	ok	2026-08-05T19:41:05Z
Jaffe_2022/csv/1279070_1_Paired_All.csv.gz	paired	https://opig.stats.ox.ac.uk/webapps/ngsdb/paired/Jaffe_2022/csv/1279070_1_Paired_All.csv.gz	csv	Jaffe_2022		11482	human	All	Paired	CMV	None	Donor-4	50	no	PBMC	Memory-B-Cells	Jaffe et al., 2022	ok	2026-08-05T19:41:05Z
Jaffe_2022/csv/1279071_1_Paired_All.csv.gz	paired	https://opig.stats.ox.ac.uk/webapps/ngsdb/paired/Jaffe_2022/csv/1279071_1_Paired_All.csv.gz	csv	Jaffe_2022		13871	human	All	Paired	CMV	None	Donor-4	50	no	PBMC	Memory-B-Cells	Jaffe et al., 2022	ok	2026-08-05T19:41:05Z
Jaffe_2022/csv/1279072_1_Paired_All.csv.gz	paired	https://opig.stats.ox.ac.uk/webapps/ngsdb/paired/Jaffe_2022/csv/1279072_1_Paired_All.csv.gz	csv	Jaffe_2022		2592	human	All	Paired	CMV	None	Donor-4	50	no	PBMC	Plasmablast	Jaffe et al., 2022	ok	2026-08-05T19:41:05Z
Jaffe_2022/csv/1279073_1_Paired_All.csv.gz	paired	https://opig.stats.ox.ac.uk/webapps/ngsdb/paired/Jaffe_2022/csv/1279073_1_Paired_All.csv.gz	csv	Jaffe_2022		9757	human	All	Paired	None	None	Donor-3	38	no	PBMC	Naive-B-Cells	Jaffe et al., 2022	ok	2026-08-05T19:41:05Z
Jaffe_2022/csv/1279074_1_Paired_All.csv.gz	paired	https://opig.stats.ox.ac.uk/webapps/ngsdb/paired/Jaffe_2022/csv/1279074_1_Paired_All.csv.gz	csv	Jaffe_2022		14334	human	All	Paired	None	None	Donor-3	38	no	PBMC	Memory-B-Cells	Jaffe et al., 2022	ok	2026-08-05T19:41:05Z
Jaffe_2022/csv/1279075_1_Paired_All.csv.gz	paired	https://opig.stats.ox.ac.uk/webapps/ngsdb/paired/Jaffe_2022/csv/1279075_1_Paired_All.csv.gz	csv	Jaffe_2022		8945	human	All	Paired	None	None	Donor-3	38	no	PBMC	Memory-B-Cells	Jaffe et al., 2022	ok	2026-08-05T19:41:05Z
Jaffe_2022/csv/1279076_1_Paired_All.csv.gz	paired	https://opig.stats.ox.ac.uk/webapps/ngsdb/paired/Jaffe_2022/csv/1279076_1_Paired_All.csv.gz	csv	Jaffe_2022		889	human	All	Paired	None	None	Donor-3	38	no	PBMC	Plasmablast	Jaffe et al., 2022	ok	2026-08-05T19:41:05Z
Jaffe_2022/csv/1279077_1_Paired_All.csv.gz	paired	https://opig.stats.ox.ac.uk/webapps/ngsdb/paired/Jaffe_2022/csv/1279077_1_Paired_All.csv.gz	csv	Jaffe_2022		11878	human	All	Paired	CMV	None	Donor-4	50	no	PBMC	Naive-B-Cells	Jaffe et al., 2022	ok	2026-08-05T19:41:05Z
Jaffe_2022/csv/1279078_1_Paired_All.csv.gz	paired	https://opig.stats.ox.ac.uk/webapps/ngsdb/paired/Jaffe_2022/csv/1279078_1_Paired_All.csv.gz	csv	Jaffe_2022		10819	human	All	Paired	CMV	None	Donor-4	50	no	PBMC	Memory-B-Cells	Jaffe et al., 2022	ok	2026-08-05T19:41:05Z
Jaffe_2022/csv/1279079_1_Paired_All.csv.gz	paired	https://opig.stats.ox.ac.uk/webapps/ngsdb/paired/Jaffe_2022/csv/1279079_1_Paired_All.csv.gz	csv	Jaffe_2022		14005	human	All	Paired	CMV	None	Donor-4	50	no	PBMC	Memory-B-Cells	Jaffe et al., 2022	ok	2026-08-05T19:41:05Z
Jaffe_2022/csv/1279080_1_Paired_All.csv.gz	paired	https://opig.stats.ox.ac.uk/webapps/ngsdb/paired/Jaffe_2022/csv/1279080_1_Paired_All.csv.gz	csv	Jaffe_2022		2537	human	All	Paired	CMV	None	Donor-4	50	no	PBMC	Plasmablast	Jaffe et al., 2022	ok	2026-08-05T19:41:05Z
Jaffe_2022/csv/1287144_1_Paired_All.csv.gz	paired	https://opig.stats.ox.ac.uk/webapps/ngsdb/paired/Jaffe_2022/csv/1287144_1_Paired_All.csv.gz	csv	Jaffe_2022		18788	human	All	Paired	None	None	Donor-3	38	no	PBMC	Naive-B-Cells	Jaffe et al., 2022	ok	2026-08-05T19:41:05Z
Jaffe_2022/csv/1287145_1_Paired_All.csv.gz	paired	https://opig.stats.ox.ac.uk/webapps/ngsdb/paired/Jaffe_2022/csv/1287145_1_Paired_All.csv.gz	csv	Jaffe_2022		18894	human	All	Paired	None	None	Donor-3	38	no	PBMC	Naive-B-Cells	Jaffe et al., 2022	ok	2026-08-05T19:41:05Z
Jaffe_2022/csv/1287146_1_Paired_All.csv.gz	paired	https://opig.stats.ox.ac.uk/webapps/ngsdb/paired/Jaffe_2022/csv/1287146_1_Paired_All.csv.gz	csv	Jaffe_2022		19179	human	All	Paired	None	None	Donor-3	38	no	PBMC	Naive-B-Cells	Jaffe et al., 2022	ok	2026-08-05T19:41:05Z
Jaffe_2022/csv/1287147_1_Paired_All.csv.gz	paired	https://opig.stats.ox.ac.uk/webapps/ngsdb/paired/Jaffe_2022/csv/1287147_1_Paired_All.csv.gz	csv	Jaffe_2022		18920	human	All	Paired	None	None	Donor-3	38	no	PBMC	Naive-B-Cells	Jaffe et al., 2022	ok	2026-08-05T19:41:05Z
Jaffe_2022/csv/1287148_1_Paired_All.csv.gz	paired	https://opig.stats.ox.ac.uk/webapps/ngsdb/paired/Jaffe_2022/csv/1287148_1_Paired_All.csv.gz	csv	Jaffe_2022		18037	human	All	Paired	None	None	Donor-3	38	no	PBMC	Unsorted-B-Cells	Jaffe et al., 2022	ok	2026-08-05T19:41:05Z
Jaffe_2022/csv/1287149_1_Paired_All.csv.gz	paired	https://opig.stats.ox.ac.uk/webapps/ngsdb/paired/Jaffe_2022/csv/1287149_1_Paired_All.csv.gz	csv	Jaffe_2022		18048	human	All	Paired	None	None	Donor-3	38	no	PBMC	Unsorted-B-Cells	Jaffe et al., 2022	ok	2026-08-05T19:41:05Z
Jaffe_2022/csv/1287150_1_Paired_All.csv.gz	paired	https://opig.stats.ox.ac.uk/webapps/ngsdb/paired/Jaffe_2022/csv/1287150_1_Paired_All.csv.gz	csv	Jaffe_2022		16988	human	All	Paired	None	None	Donor-3	38	no	PBMC	Unsorted-B-Cells	Jaffe et al., 2022	ok	2026-08-05T19:41:05Z
Jaffe_2022/csv/1287151_1_Paired_All.csv.gz	paired	https://opig.stats.ox.ac.uk/webapps/ngsdb/paired/Jaffe_2022/csv/1287151_1_Paired_All.csv.gz	csv	Jaffe_2022		17500	human	All	Paired	None	None	Donor-3	38	no	PBMC	Unsorted-B-Cells	Jaffe et al., 2022	ok	2026-08-05T19:41:05Z
Jaffe_2022/csv/1287152_1_Paired_All.csv.gz	paired	https://opig.stats.ox.ac.uk/webapps/ngsdb/paired/Jaffe_2022/csv/1287152_1_Paired_All.csv.gz	csv	Jaffe_2022		9336	human	All	Paired	None	None	Donor-3	38	no	PBMC	Naive-B-Cells	Jaffe et al., 2022	ok	2026-08-05T19:41:05Z
Jaffe_2022/csv/1287153_1_Paired_All.csv.gz	paired	https://opig.stats.ox.ac.uk/webapps/ngsdb/paired/Jaffe_2022/csv/1287153_1_Paired_All.csv.gz	csv	Jaffe_2022		18942	human	All	Paired	None	None	Donor-3	38	no	PBMC	Naive-B-Cells	Jaffe et al., 2022	ok	2026-08-05T19:41:05Z
Jaffe_2022/csv/1287154_1_Paired_All.csv.gz	paired	https://opig.stats.ox.ac.uk/webapps/ngsdb/paired/Jaffe_2022/csv/1287154_1_Paired_All.csv.gz	csv	Jaffe_2022		19839	human	All	Paired	None	None	Donor-3	38	no	PBMC	Naive-B-Cells	Jaffe et al., 2022	ok	2026-08-05T19:41:05Z
Jaffe_2022/csv/1287155_1_Paired_All.csv.gz	paired	https://opig.stats.ox.ac.uk/webapps/ngsdb/paired/Jaffe_2022/csv/1287155_1_Paired_All.csv.gz	csv	Jaffe_2022		19303	human	All	Paired	None	None	Donor-3	38	no	PBMC	Naive-B-Cells	Jaffe et al., 2022	ok	2026-08-05T19:41:05Z
Jaffe_2022/csv/1287156_1_Paired_All.csv.gz	paired	https://opig.stats.ox.ac.uk/webapps/ngsdb/paired/Jaffe_2022/csv/1287156_1_Paired_All.csv.gz	csv	Jaffe_2022		18273	human	All	Paired	None	None	Donor-3	38	no	PBMC	Unsorted-B-Cells	Jaffe et al., 2022	ok	2026-08-05T19:41:05Z
Jaffe_2022/csv/1287157_1_Paired_All.csv.gz	paired	https://opig.stats.ox.ac.uk/webapps/ngsdb/paired/Jaffe_2022/csv/1287157_1_Paired_All.csv.gz	csv	Jaffe_2022		17943	human	All	Paired	None	None	Donor-3	38	no	PBMC	Unsorted-B-Cells	Jaffe et al., 2022	ok	2026-08-05T19:41:05Z
Jaffe_2022/csv/1287158_1_Paired_All.csv.gz	paired	https://opig.stats.ox.ac.uk/webapps/ngsdb/paired/Jaffe_2022/csv/1287158_1_Paired_All.csv.gz	csv	Jaffe_2022		18008	human	All	Paired	None	None	Donor-3	38	no	PBMC	Unsorted-B-Cells	Jaffe et al., 2022	ok	2026-08-05T19:41:05Z
Jaffe_2022/csv/1287159_1_Paired_All.csv.gz	paired	https://opig.stats.ox.ac.uk/webapps/ngsdb/paired/Jaffe_2022/csv/1287159_1_Paired_All.csv.gz	csv	Jaffe_2022		18256	human	All	Paired	None	None	Donor-3	38	no	PBMC	Unsorted-B-Cells	Jaffe et al., 2022	ok	2026-08-05T19:41:05Z
Jaffe_2022/csv/1287160_1_Paired_All.csv.gz	paired	https://opig.stats.ox.ac.uk/webapps/ngsdb/paired/Jaffe_2022/csv/1287160_1_Paired_All.csv.gz	csv	Jaffe_2022		18898	human	All	Paired	CMV	None	Donor-4	50	no	PBMC	Naive-B-Cells	Jaffe et al., 2022	ok	2026-08-05T19:41:05Z
Jaffe_2022/csv/1287161_1_Paired_All.csv.gz	paired	https://opig.stats.ox.ac.uk/webapps/ngsdb/paired/Jaffe_2022/csv/1287161_1_Paired_All.csv.gz	csv	Jaffe_2022		19438	human	All	Paired	CMV	None	Donor-4	50	no	PBMC	Naive-B-Cells	Jaffe et al., 2022	ok	2026-08-05T19:41:05Z
Jaffe_2022/csv/1287162_1_Paired_All.csv.gz	paired	https://opig.stats.ox.ac.uk/webapps/ngsdb/paired/Jaffe_2022/csv/1287162_1_Paired_All.csv.gz	csv	Jaffe_2022		19229	human	All	Paired	CMV	None	Donor-4	50	no	PBMC	Naive-B-Cells	Jaffe et al., 2022	ok	2026-08-05T19:41:05Z
Jaffe_2022/csv/1287163_1_Paired_All.csv.gz	paired	https://opig.stats.ox.ac.uk/webapps/ngsdb/paired/Jaffe_2022/csv/1287163_1_Paired_All.csv.gz	csv	Jaffe_2022		19785	human	All	Paired	CMV	None	Donor-4	50	no	PBMC	Naive-B-Cells	Jaffe et al., 2022	ok	2026-08-05T19:41:05Z
Jaffe_2022/csv/1287164_1_Paired_All.csv.gz	paired	https://opig.stats.ox.ac.uk/webapps/ngsdb/paired/Jaffe_2022/csv/1287164_1_Paired_All.csv.gz	csv	Jaffe_2022		19520	human	All	Paired	CMV	None	Donor-4	50	no	PBMC	Unsorted-B-Cells	Jaffe et al., 2022	ok	2026-08-05T19:41:05Z
Jaffe_2022/csv/1287165_1_Paired_All.csv.gz	paired	https://opig.stats.ox.ac.uk/webapps/ngsdb/paired/Jaffe_2022/csv/1287165_1_Paired_All.csv.gz	csv	Jaffe_2022		19482	human	All	Paired	CMV	None	Donor-4	50	no	PBMC	Unsorted-B-Cells	Jaffe et al., 2022	ok	2026-08-05T19:41:05Z
Jaffe_2022/csv/1287166_1_Paired_All.csv.gz	paired	https://opig.stats.ox.ac.uk/webapps/ngsdb/paired/Jaffe_2022/csv/1287166_1_Paired_All.csv.gz	csv	Jaffe_2022		18755	human	All	Paired	CMV	None	Donor-4	50	no	PBMC	Unsorted-B-Cells	Jaffe et al., 2022	ok	2026-08-05T19:41:05Z
Jaffe_2022/csv/1287167_1_Paired_All.csv.gz	paired	https://opig.stats.ox.ac.uk/webapps/ngsdb/paired/Jaffe_2022/csv/1287167_1_Paired_All.csv.gz	csv	Jaffe_2022		18342	human	All	Paired	CMV	None	Donor-4	50	no	PBMC	Unsorted-B-Cells	Jaffe et al., 2022	ok	2026-08-05T19:41:05Z
Jaffe_2022/csv/1287168_1_Paired_All.csv.gz	paired	https://opig.stats.ox.ac.uk/webapps/ngsdb/paired/Jaffe_2022/csv/1287168_1_Paired_All.csv.gz	csv	Jaffe_2022		19943	human	All	Paired	CMV	None	Donor-4	50	no	PBMC	Naive-B-Cells	Jaffe et al., 2022	ok	2026-08-05T19:41:05Z
Jaffe_2022/csv/1287169_1_Paired_All.csv.gz	paired	https://opig.stats.ox.ac.uk/webapps/ngsdb/paired/Jaffe_2022/csv/1287169_1_Paired_All.csv.gz	csv	Jaffe_2022		21106	human	All	Paired	CMV	None	Donor-4	50	no	PBMC	Naive-B-Cells	Jaffe et al., 2022	ok	2026-08-05T19:41:05Z
Jaffe_2022/csv/1287170_1_Paired_All.csv.gz	paired	https://opig.stats.ox.ac.uk/webapps/ngsdb/paired/Jaffe_2022/csv/1287170_1_Paired_All.csv.gz	csv	Jaffe_2022		19630	human	All	Paired	CMV	None	Donor-4	50	no	PBMC	Naive-B-Cells	Jaffe et al., 2022	ok	2026-08-05T19:41:05Z
Jaffe_2022/csv/1287171_1_Paired_All.csv.gz	paired	https://opig.stats.ox.ac.uk/webapps/ngsdb/paired/Jaffe_2022/csv/1287171_1_Paired_All.csv.gz	csv	Jaffe_2022		21839	human	All	Paired	CMV	None	Donor-4	50	no	PBMC	Naive-B-Cells	Jaffe et al., 2022	ok	2026-08-05T19:41:05Z
Jaffe_2022/csv/1287172_1_Paired_All.csv.gz	paired	https://opig.stats.ox.ac.uk/webapps/ngsdb/paired/Jaffe_2022/csv/1287172_1_Paired_All.csv.gz	csv	Jaffe_2022		19636	human	All	Paired	CMV	None	Donor-4	50	no	PBMC	Unsorted-B-Cells	Jaffe et al., 2022	ok	2026-08-05T19:41:05Z
Jaffe_2022/csv/1287173_1_Paired_All.csv.gz	paired	https://opig.stats.ox.ac.uk/webapps/ngsdb/paired/Jaffe_2022/csv/1287173_1_Paired_All.csv.gz	csv	Jaffe_2022		21420	human	All	Paired	CMV	None	Donor-4	50	no	PBMC	Unsorted-B-Cells	Jaffe et al., 2022	ok	2026-08-05T19:41:05Z
Jaffe_2022/csv/1287174_1_Paired_All.csv.gz	paired	https://opig.stats.ox.ac.uk/webapps/ngsdb/paired/Jaffe_2022/csv/1287174_1_Paired_All.csv.gz	csv	Jaffe_2022		19338	human	All	Paired	CMV	None	Donor-4	50	no	PBMC	Unsorted-B-Cells	Jaffe et al., 2022	ok	2026-08-05T19:41:05Z
Jaffe_2022/csv/1287175_1_Paired_All.csv.gz	paired	https://opig.stats.ox.ac.uk/webapps/ngsdb/paired/Jaffe_2022/csv/1287175_1_Paired_All.csv.gz	csv	Jaffe_2022		19934	human	All	Paired	CMV	None	Donor-4	50	no	PBMC	Unsorted-B-Cells	Jaffe et al., 2022	ok	2026-08-05T19:41:05Z
Jaffe_2022/csv/1287176_1_Paired_All.csv.gz	paired	https://opig.stats.ox.ac.uk/webapps/ngsdb/paired/Jaffe_2022/csv/1287176_1_Paired_All.csv.gz	csv	Jaffe_2022		15915	human	All	Paired	SARS-COV-2	None	Donor-2	35	no	PBMC	Naive-B-Cells	Jaffe et al., 2022	ok	2026-08-05T19:41:05Z
Jaffe_2022/csv/1287177_1_Paired_All.csv.gz	paired	https://opig.stats.ox.ac.uk/webapps/ngsdb/paired/Jaffe_2022/csv/1287177_1_Paired_All.csv.gz	csv	Jaffe_2022		16169	human	All	Paired	SARS-COV-2	None	Donor-2	35	no	PBMC	Naive-B-Cells	Jaffe et al., 2022	ok	2026-08-05T19:41:05Z
Jaffe_2022/csv/1287178_1_Paired_All.csv.gz	paired	https://opig.stats.ox.ac.uk/webapps/ngsdb/paired/Jaffe_2022/csv/1287178_1_Paired_All.csv.gz	csv	Jaffe_2022		15773	human	All	Paired	SARS-COV-2	None	Donor-2	35	no	PBMC	Naive-B-Cells	Jaffe et al., 2022	ok	2026-08-05T19:41:05Z
Jaffe_2022/csv/1287179_1_Paired_All.csv.gz	paired	https://opig.stats.ox.ac.uk/webapps/ngsdb/paired/Jaffe_2022/csv/1287179_1_Paired_All.csv.gz	csv	Jaffe_2022		15696	human	All	Paired	SARS-COV-2	None	Donor-2	35	no	PBMC	Naive-B-Cells	Jaffe et al., 2022	ok	2026-08-05T19:41:05Z
Jaffe_2022/csv/1287180_1_Paired_All.csv.gz	paired	https://opig.stats.ox.ac.uk/webapps/ngsdb/paired/Jaffe_2022/csv/1287180_1_Paired_All.csv.gz	csv	Jaffe_2022		13461	human	All	Paired	SARS-COV-2	None	Donor-2	35	no	PBMC	Unsorted-B-Cells	Jaffe et al., 2022	ok	2026-08-05T19:41:05Z
Jaffe_2022/csv/1287181_1_Paired_All.csv.gz	paired	https://opig.stats.ox.ac.uk/webapps/ngsdb/paired/Jaffe_2022/csv/1287181_1_Paired_All.csv.gz	csv	Jaffe_2022		13498	human	All	Paired	SARS-COV-2	None	Donor-2	35	no	PBMC	Unsorted-B-Cells	Jaffe et al., 2022	ok	2026-08-05T19:41:05Z
Jaffe_2022/csv/1287182_1_Paired_All.csv.gz	paired	https://opig.stats.ox.ac.uk/webapps/ngsdb/paired/Jaffe_2022/csv/1287182_1_Paired_All.csv.gz	csv	Jaffe_2022		13929	human	All	Paired	SARS-COV-2	None	Donor-2	35	no	PBMC	Unsorted-B-Cells	Jaffe et al., 2022	ok	2026-08-05T19:41:05Z
Jaffe_2022/csv/1287183_1_Paired_All.csv.gz	paired	https://opig.stats.ox.ac.uk/webapps/ngsdb/paired/Jaffe_2022/csv/1287183_1_Paired_All.csv.gz	csv	Jaffe_2022		14592	human	All	Paired	SARS-COV-2	None	Donor-2	35	no	PBMC	Unsorted-B-Cells	Jaffe et al., 2022	ok	2026-08-05T19:41:05Z
Jaffe_2022/csv/1287184_1_Paired_All.csv.gz	paired	https://opig.stats.ox.ac.uk/webapps/ngsdb/paired/Jaffe_2022/csv/1287184_1_Paired_All.csv.gz	csv	Jaffe_2022		16266	human	All	Paired	SARS-COV-2	None	Donor-2	35	no	PBMC	Naive-B-Cells	Jaffe et al., 2022	ok	2026-08-05T19:41:05Z
Jaffe_2022/csv/1287185_1_Paired_All.csv.gz	paired	https://opig.stats.ox.ac.uk/webapps/ngsdb/paired/Jaffe_2022/csv/1287185_1_Paired_All.csv.gz	csv	Jaffe_2022		16164	human	All	Paired	SARS-COV-2	None	Donor-2	35	no	PBMC	Naive-B-Cells	Jaffe et al., 2022	ok	2026-08-05T19:41:05Z
Jaffe_2022/csv/1287186_1_Paired_All.csv.gz	paired	https://opig.stats.ox.ac.uk/webapps/ngsdb/paired/Jaffe_2022/csv/1287186_1_Paired_All.csv.gz	csv	Jaffe_2022		19068	human	All	Paired	SARS-COV-2	None	Donor-2	35	no	PBMC	Naive-B-Cells	Jaffe et al., 2022	ok	2026-08-05T19:41:05Z
Jaffe_2022/csv/1287187_1_Paired_All.csv.gz	paired	https://opig.stats.ox.ac.uk/webapps/ngsdb/paired/Jaffe_2022/csv/1287187_1_Paired_All.csv.gz	csv	Jaffe_2022		16401	human	All	Paired	SARS-COV-2	None	Donor-2	35	no	PBMC	Naive-B-Cells	Jaffe et al., 2022	ok	2026-08-05T19:41:05Z
Jaffe_2022/csv/1287188_1_Paired_All.csv.gz	paired	https://opig.stats.ox.ac.uk/webapps/ngsdb/paired/Jaffe_2022/csv/1287188_1_Paired_All.csv.gz	csv	Jaffe_2022		13960	human	All	Paired	SARS-COV-2	None	Donor-2	35	no	PBMC	Unsorted-B-Cells	Jaffe et al., 2022	ok	2026-08-05T19:41:05Z
Jaffe_2022/csv/1287189_1_Paired_All.csv.gz	paired	https://opig.stats.ox.ac.uk/webapps/ngsdb/paired/Jaffe_2022/csv/1287189_1_Paired_All.csv.gz	csv	Jaffe_2022		12715	human	All	Paired	SARS-COV-2	None	Donor-2	35	no	PBMC	Unsorted-B-Cells	Jaffe et al., 2022	ok	2026-08-05T19:41:05Z
Jaffe_2022/csv/1287190_1_Paired_All.csv.gz	paired	https://opig.stats.ox.ac.uk/webapps/ngsdb/paired/Jaffe_2022/csv/1287190_1_Paired_All.csv.gz	csv	Jaffe_2022		14558	human	All	Paired	SARS-COV-2	None	Donor-2	35	no	PBMC	Unsorted-B-Cells	Jaffe et al., 2022	ok	2026-08-05T19:41:05Z
Jaffe_2022/csv/1287191_1_Paired_All.csv.gz	paired	https://opig.stats.ox.ac.uk/webapps/ngsdb/paired/Jaffe_2022/csv/1287191_1_Paired_All.csv.gz	csv	Jaffe_2022		13862	human	All	Paired	SARS-COV-2	None	Donor-2	35	no	PBMC	Unsorted-B-Cells	Jaffe et al., 2022	ok	2026-08-05T19:41:05Z
Jaffe_2022/csv/1287192_1_Paired_All.csv.gz	paired	https://opig.stats.ox.ac.uk/webapps/ngsdb/paired/Jaffe_2022/csv/1287192_1_Paired_All.csv.gz	csv	Jaffe_2022		17862	human	All	Paired	SARS-COV-2	None	Donor-1	45	no	PBMC	Naive-B-Cells	Jaffe et al., 2022	ok	2026-08-05T19:41:05Z
Jaffe_2022/csv/1287193_1_Paired_All.csv.gz	paired	https://opig.stats.ox.ac.uk/webapps/ngsdb/paired/Jaffe_2022/csv/1287193_1_Paired_All.csv.gz	csv	Jaffe_2022		18634	human	All	Paired	SARS-COV-2	None	Donor-1	45	no	PBMC	Naive-B-Cells	Jaffe et al., 2022	ok	2026-08-05T19:41:05Z
Jaffe_2022/csv/1287194_1_Paired_All.csv.gz	paired	https://opig.stats.ox.ac.uk/webapps/ngsdb/paired/Jaffe_2022/csv/1287194_1_Paired_All.csv.gz	csv	Jaffe_2022		18224	human	All	Paired	SARS-COV-2	None	Donor-1	45	no	PBMC	Naive-B-Cells	Jaffe et al., 2022	ok	2026-08-05T19:41:05Z
Jaffe_2022/csv/1287195_1_Paired_All.csv.gz	paired	https://opig.stats.ox.ac.uk/webapps/ngsdb/paired/Jaffe_2022/csv/1287195_1_Paired_All.csv.gz	csv	Jaffe_2022		17980	human	All	Paired	SARS-COV-2	None	Donor-1	45	no	PBMC	Naive-B-Cells	Jaffe et al., 2022	ok	2026-08-05T19:41:05Z
Jaffe_2022/csv/1287196_1_Paired_All.csv.gz	paired	https://opig.stats.ox.ac.uk/webapps/ngsdb/paired/Jaffe_2022/csv/1287196_1_Paired_All.csv.gz	csv	Jaffe_2022		17208	human	All	Paired	SARS-COV-2	None	Donor-1	45	no	PBMC	Memory-B-Cells	Jaffe et al., 2022	ok	2026-08-05T19:41:05Z
Jaffe_2022/csv/1287197_1_Paired_All.csv.gz	paired	https://opig.stats.ox.ac.uk/webapps/ngsdb/paired/Jaffe_2022/csv/1287197_1_Paired_All.csv.gz	csv	Jaffe_2022		16770	human	All	Paired	SARS-COV-2	None	Donor-1	45	no	PBMC	Memory-B-Cells	Jaffe et al., 2022	ok	2026-08-05T19:41:05Z
Jaffe_2022/csv/1287198_1_Paired_All.csv.gz	paired	https://opig.stats.ox.ac.uk/webapps/ngsdb/paired/Jaffe_2022/csv/1287198_1_Paired_All.csv.gz	csv	Jaffe_2022		16193	human	All	Paired	SARS-COV-2	None	Donor-1	45	no	PBMC	Unsorted-B-Cells	Jaffe et al., 2022	ok	2026-08-05T19:41:05Z
Jaffe_2022/csv/1287199_1_Paired_All.csv.gz	paired	https://opig.stats.ox.ac.uk/webapps/ngsdb/paired/Jaffe_2022/csv/1287199_1_Paired_All.csv.gz	csv	Jaffe_2022		15975	human	All	Paired	SARS-COV-2	None	Donor-1	45	no	PBMC	Unsorted-B-Cells	Jaffe et al., 2022	ok	2026-08-05T19:41:05Z
Jaffe_2022/csv/1287200_1_Paired_All.csv.gz	paired	https://opig.stats.ox.ac.uk/webapps/ngsdb/paired/Jaffe_2022/csv/1287200_1_Paired_All.csv.gz	csv	Jaffe_2022		18861	human	All	Paired	SARS-COV-2	None	Donor-1	45	no	PBMC	Naive-B-Cells	Jaffe et al., 2022	ok	2026-08-05T19:41:05Z
Jaffe_2022/csv/1287201_1_Paired_All.csv.gz	paired	https://opig.stats.ox.ac.uk/webapps/ngsdb/paired/Jaffe_2022/csv/1287201_1_Paired_All.csv.gz	csv	Jaffe_2022		19085	human	All	Paired	SARS-COV-2	None	Donor-1	45	no	PBMC	Naive-B-Cells	Jaffe et al., 2022	ok	2026-08-05T19:41:05Z
Jaffe_2022/csv/1287202_1_Paired_All.csv.gz	paired	https://opig.stats.ox.ac.uk/webapps/ngsdb/paired/Jaffe_2022/csv/1287202_1_Paired_All.csv.gz	csv	Jaffe_2022		18900	human	All	Paired	SARS-COV-2	None	Donor-1	45	no	PBMC	Naive-B-Cells	Jaffe et al., 2022	ok	2026-08-05T19:41:05Z
Jaffe_2022/csv/1287203_1_Paired_All.csv.gz	paired	https://opig.stats.ox.ac.uk/webapps/ngsdb/paired/Jaffe_2022/csv/1287203_1_Paired_All.csv.gz	csv	Jaffe_2022		19627	human	All	Paired	SARS-COV-2	None	Donor-1	45	no	PBMC	Naive-B-Cells	Jaffe et al., 2022	ok	2026-08-05T19:41:05Z
Jaffe_2022/csv/1287204_1_Paired_All.csv.gz	paired	https://opig.stats.ox.ac.uk/webapps/ngsdb/paired/Jaffe_2022/csv/1287204_1_Paired_All.csv.gz	csv	Jaffe_2022		18188	human	All	Paired	SARS-COV-2	None	Donor-1	45	no	PBMC	Memory-B-Cells	Jaffe et al., 2022	ok	2026-08-05T19:41:05Z
Jaffe_2022/csv/1287205_1_Paired_All.csv.gz	paired	https://opig.stats.ox.ac.uk/webapps/ngsdb/paired/Jaffe_2022/csv/1287205_1_Paired_All.csv.gz	csv	Jaffe_2022		17830	human	All	Paired	SARS-COV-2	None	Donor-1	45	no	PBMC	Memory-B-Cells	Jaffe et al., 2022	ok	2026-08-05T19:41:05Z
Jaffe_2022/csv/1287206_1_Paired_All.csv.gz	paired	https://opig.stats.ox.ac.uk/webapps/ngsdb/paired/Jaffe_2022/csv/1287206_1_Paired_All.csv.gz	csv	Jaffe_2022		16496	human	All	Paired	SARS-COV-2	None	Donor-1	45	no	PBMC	Unsorted-B-Cells	Jaffe et al., 2022	ok	2026-08-05T19:41:05Z
Jaffe_2022/csv/1287207_1_Paired_All.csv.gz	paired	https://opig.stats.ox.ac.uk/webapps/ngsdb/paired/Jaffe_2022/csv/1287207_1_Paired_All.csv.gz	csv	Jaffe_2022		16747	human	All	Paired	SARS-COV-2	None	Donor-1	45	no	PBMC	Unsorted-B-Cells	Jaffe et al., 2022	ok	2026-08-05T19:41:05Z
James_2020/csv_paired/Human_colon_16S8157815_S25_1_Paired_All.csv.gz	paired	https://opig.stats.ox.ac.uk/webapps/ngsdb/paired/James_2020/csv_paired/Human_colon_16S8157815_S25_1_Paired_All.csv.gz	csv_paired	James_2020		729	human	All	Paired	None	None	417c	65 to 70	None	caecum	Unsorted-B-Cells	James et al, 2020	ok	2026-08-05T19:41:05Z
James_2020/csv_paired/Human_colon_16S8157815_S26_1_Paired_All.csv.gz	paired	https://opig.stats.ox.ac.uk/webapps/ngsdb/paired/James_2020/csv_paired/Human_colon_16S8157815_S26_1_Paired_All.csv.gz	csv_paired	James_2020		791	human	All	Paired	None	None	417c	65 to 70	None	caecum	Unsorted-B-Cells	James et al, 2020	ok	2026-08-05T19:41:05Z
James_2020/csv_paired/Human_colon_16S8157815_S27_1_Paired_All.csv.gz	paired	https://opig.stats.ox.ac.uk/webapps/ngsdb/paired/James_2020/csv_paired/Human_colon_16S8157815_S27_1_Paired_All.csv.gz	csv_paired	James_2020		696	human	All	Paired	None	None	417c	65 to 70	None	caecum	Unsorted-B-Cells	James et al, 2020	ok	2026-08-05T19:41:05Z
James_2020/csv_paired/Human_colon_16S8157815_S28_1_Paired_All.csv.gz	paired	https://opig.stats.ox.ac.uk/webapps/ngsdb/paired/James_2020/csv_paired/Human_colon_16S8157815_S28_1_Paired_All.csv.gz	csv_paired	James_2020		766	human	All	Paired	None	None	417c	65 to 70	None	caecum	Unsorted-B-Cells	James et al, 2020	ok	2026-08-05T19:41:05Z
James_2020/csv_paired/Human_colon_16S8157817_S33_1_Paired_All.csv.gz	paired	https://opig.stats.ox.ac.uk/webapps/ngsdb/paired/James_2020/csv_paired/Human_colon_16S8157817_S33_1_Paired_All.csv.gz	csv_paired	James_2020		1422	human	All	Paired	None	None	417c	65 to 70	None	transverse-colon	Unsorted-B-Cells	James et al, 2020	ok	2026-08-05T19:41:05Z
James_2020/csv_paired/Human_colon_16S8157817_S34_1_Paired_All.csv.gz	paired	https://opig.stats.ox.ac.uk/webapps/ngsdb/paired/James_2020/csv_paired/Human_colon_16S8157817_S34_1_Paired_All.csv.gz	csv_paired	James_2020		1113	human	All	Paired	None	None	417c	65 to 70	None	transverse-colon	Unsorted-B-Cells	James et al, 2020	ok	2026-08-05T19:41:05Z
James_2020/csv_paired/Human_colon_16S8157817_S35_1_Paired_All.csv.gz	paired	https://opig.stats.ox.ac.uk/webapps/ngsdb/paired/James_2020/csv_paired/Human_colon_16S8157817_S35_1_Paired_All.csv.gz	csv_paired	James_2020		1122	human	All	Paired	None	None	417c	65 to 70	None	transverse-colon	Unsorted-B-Cells	James et al, 2020	ok	2026-08-05T19:41:05Z
James_2020/csv_paired/Human_colon_16S8157817_S36_1_Paired_All.csv.gz	paired	https://opig.stats.ox.ac.uk/webapps/ngsdb/paired/James_2020/csv_paired/Human_colon_16S8157817_S36_1_Paired_All.csv.gz	csv_paired	James_2020		1123	human	All	Paired	None	None	417c	65 to 70	None	transverse-colon	Unsorted-B-Cells	James et al, 2020	ok	2026-08-05T19:41:05Z
James_2020/csv_paired/Human_colon_16S8157819_S41_1_Paired_All.csv.gz	paired	https://opig.stats.ox.ac.uk/webapps/ngsdb/paired/James_2020/csv_paired/Human_colon_16S8157819_S41_1_Paired_All.csv.gz	csv_paired	James_2020		552	human	All	Paired	None	None	417c	65 to 70	None	sigmoid-colon	Unsorted-B-Cells	James et al, 2020	ok	2026-08-05T19:41:05Z
James_2020/csv_paired/Human_colon_16S8157819_S42_1_Paired_All.csv.gz	paired	https://opig.stats.ox.ac.uk/webapps/ngsdb/paired/James_2020/csv_paired/Human_colon_16S8157819_S42_1_Paired_All.csv.gz	csv_paired	James_2020		534	human	All	Paired	None	None	417c	65 to 70	None	sigmoid-colon	Unsorted-B-Cells	James et al, 2020	ok	2026-08-05T19:41:05Z
James_2020/csv_paired/Human_colon_16S8157819_S43_1_Paired_All.csv.gz	paired	https://opig.stats.ox.ac.uk/webapps/ngsdb/paired/James_2020/csv_paired/Human_colon_16S8157819_S43_1_Paired_All.csv.gz	csv_paired	James_2020		515	human	All	Paired	None	None	417c	65 to 70	None	sigmoid-colon	Unsorted-B-Cells	James et al, 2020	ok	2026-08-05T19:41:05Z
James_2020/csv_paired/Human_colon_16S8157819_S44_1_Paired_All.csv.gz	paired	https://opig.stats.ox.ac.uk/webapps/ngsdb/paired/James_2020/csv_paired/Human_colon_16S8157819_S44_1_Paired_All.csv.gz	csv_paired	James_2020		554	human	All	Paired	None	None	417c	65 to 70	None	sigmoid-colon	Unsorted-B-Cells	James et al, 2020	ok	2026-08-05T19:41:05Z
James_2020/csv_paired/Human_colon_16S8157822_S53_1_Paired_All.csv.gz	paired	https://opig.stats.ox.ac.uk/webapps/ngsdb/paired/James_2020/csv_paired/Human_colon_16S8157822_S53_1_Paired_All.csv.gz	csv_paired	James_2020		292	human	All	Paired	None	None	417c	65 to 70	None	mesenteric-lymph-node	Unsorted-B-Cells	James et al, 2020	ok	2026-08-05T19:41:05Z
James_2020/csv_paired/Human_colon_16S8157822_S54_1_Paired_All.csv.gz	paired	https://opig.stats.ox.ac.uk/webapps/ngsdb/paired/James_2020/csv_paired/Human_colon_16S8157822_S54_1_Paired_All.csv.gz	csv_paired	James_2020		281	human	All	Paired	None	None	417c	65 to 70	None	mesenteric-lymph-node	Unsorted-B-Cells	James et al, 2020	ok	2026-08-05T19:41:05Z
James_2020/csv_paired/Human_colon_16S8157822_S55_1_Paired_All.csv.gz	paired	https://opig.stats.ox.ac.uk/webapps/ngsdb/paired/James_2020/csv_paired/Human_colon_16S8157822_S55_1_Paired_All.csv.gz	csv_paired	James_2020		311	human	All	Paired	None	None	417c	65 to 70	None	mesenteric-lymph-node	Unsorted-B-Cells	James et al, 2020	ok	2026-08-05T19:41:05Z
James_2020/csv_paired/Human_colon_16S8157822_S56_1_Paired_All.csv.gz	paired	https://opig.stats.ox.ac.uk/webapps/ngsdb/paired/James_2020/csv_paired/Human_colon_16S8157822_S56_1_Paired_All.csv.gz	csv_paired	James_2020		290	human	All	Paired	None	None	417c	65 to 70	None	mesenteric-lymph-node	Unsorted-B-Cells	James et al, 2020	ok	2026-08-05T19:41:05Z
James_2020/csv_paired/Pan_T7935499_S5_1_Paired_All.csv.gz	paired	https://opig.stats.ox.ac.uk/webapps/ngsdb/paired/James_2020/csv_paired/Pan_T7935499_S5_1_Paired_All.csv.gz	csv_paired	James_2020		1	human	All	Paired	None	None	390c	65 to 70	None	transverse-colon	Unsorted-B-Cells	James et al, 2020	ok	2026-08-05T19:41:05Z
James_2020/csv_paired/Pan_T7935499_S8_1_Paired_All.csv.gz	paired	https://opig.stats.ox.ac.uk/webapps/ngsdb/paired/James_2020/csv_paired/Pan_T7935499_S8_1_Paired_All.csv.gz	csv_paired	James_2020		1	human	All	Paired	None	None	390c	65 to 70	None	transverse-colon	Unsorted-B-Cells	James et al, 2020	ok	2026-08-05T19:41:05Z
James_2020/csv_paired/Pan_T7935508_S41_1_Paired_All.csv.gz	paired	https://opig.stats.ox.ac.uk/webapps/ngsdb/paired/James_2020/csv_paired/Pan_T7935508_S41_1_Paired_All.csv.gz	csv_paired	James_2020		267	human	All	Paired	None	None	390c	65 to 70	None	caecum	Unsorted-B-Cells	James et al, 2020	ok	2026-08-05T19:41:05Z
James_2020/csv_paired/Pan_T7935508_S42_1_Paired_All.csv.gz	paired	https://opig.stats.ox.ac.uk/webapps/ngsdb/paired/James_2020/csv_paired/Pan_T7935508_S42_1_Paired_All.csv.gz	csv_paired	James_2020		138	human	All	Paired	None	None	390c	65 to 70	None	caecum	Unsorted-B-Cells	James et al, 2020	ok	2026-08-05T19:41:05Z
James_2020/csv_paired/Pan_T7935508_S43_1_Paired_All.csv.gz	paired	https://opig.stats.ox.ac.uk/webapps/ngsdb/paired/James_2020/csv_paired/Pan_T7935508_S43_1_Paired_All.csv.gz	csv_paired	James_2020		293	human	All	Paired	None	None	390c	65 to 70	None	caecum	Unsorted-B-Cells	James et al, 2020	ok	2026-08-05T19:41:05Z
James_2020/csv_paired/Pan_T7935508_S44_1_Paired_All.csv.gz	paired	https://opig.stats.ox.ac.uk/webapps/ngsdb/paired/James_2020/csv_paired/Pan_T7935508_S44_1_Paired_All.csv.gz	csv_paired	James_2020		312	human	All	Paired	None	None	390c	65 to 70	None	caecum	Unsorted-B-Cells	James et al, 2020	ok	2026-08-05T19:41:05Z
King_2020_2/csv/ERR4082227_paired.csv.gz	paired	https://opig.stats.ox.ac.uk/webapps/ngsdb/paired/King_2020_2/csv/ERR4082227_paired.csv.gz	csv	King_2020_2		2207	human	All	Paired	Obstructive-Sleep-Apnea	None	Subject-BCP3	6	no	Tonsillectomy	Memory-B-Cells	King et al., 2020	ok	2026-08-05T19:41:05Z
King_2020_2/csv/ERR4082235_paired.csv.gz	paired	https://opig.stats.ox.ac.uk/webapps/ngsdb/paired/King_2020_2/csv/ERR4082235_paired.csv.gz	csv	King_2020_2		2090	human	All	Paired	Tonsillitis	None	Subject-BCP4	6	no	Tonsillectomy	Memory-B-Cells	King et al., 2020	ok	2026-08-05T19:41:05Z
King_2020_2/csv/ERR4082243_paired.csv.gz	paired	https://opig.stats.ox.ac.uk/webapps/ngsdb/paired/King_2020_2/csv/ERR4082243_paired.csv.gz	csv	King_2020_2		5793	human	All	Paired	Tonsillitis	None	Subject-BCP5	3	no	Tonsillectomy	Memory-B-Cells	King et al., 2020	ok	2026-08-05T19:41:05Z
King_2020_2/csv/ERR4082251_paired.csv.gz	paired	https://opig.stats.ox.ac.uk/webapps/ngsdb/paired/King_2020_2/csv/ERR4082251_paired.csv.gz	csv	King_2020_2		3358	human	All	Paired	Tonsillitis/Obstructive-Sleep-Apnea	None	Subject-BCP6	5	no	Tonsillectomy	Memory-B-Cells	King et al., 2020	ok	2026-08-05T19:41:05Z
King_2020_2/csv/ERR4082259_paired.csv.gz	paired	https://opig.stats.ox.ac.uk/webapps/ngsdb/paired/King_2020_2/csv/ERR4082259_paired.csv.gz	csv	King_2020_2		1075	human	All	Paired	Tonsillitis/Obstructive-Sleep-Apnea	None	Subject-BCP8	3	no	Tonsillectomy	Memory-B-Cells	King et al., 2020	ok	2026-08-05T19:41:05Z
King_2020_2/csv/ERR4082263_paired.csv.gz	paired	https://opig.stats.ox.ac.uk/webapps/ngsdb/paired/King_2020_2/csv/ERR4082263_paired.csv.gz	csv	King_2020_2		3390	human	All	Paired	Tonsillitis	None	Subject-BCP9	9	no	Tonsillectomy	Memory-B-Cells	King et al., 2020	ok	2026-08-05T19:41:05Z
King_2020_2/csv/ERR4082267_paired.csv.gz	paired	https://opig.stats.ox.ac.uk/webapps/ngsdb/paired/King_2020_2/csv/ERR4082267_paired.csv.gz	csv	King_2020_2		1120	human	All	Paired	Obstructive-Sleep-Apnea	None	Subject-BCP3	6	no	Tonsillectomy	Unsorted-B-Cells	King et al., 2020	ok	2026-08-05T19:41:05Z
King_2020_2/csv/ERR4082275_paired.csv.gz	paired	https://opig.stats.ox.ac.uk/webapps/ngsdb/paired/King_2020_2/csv/ERR4082275_paired.csv.gz	csv	King_2020_2		425	human	All	Paired	Tonsillitis	None	Subject-BCP4	6	no	Tonsillectomy	Unsorted-B-Cells	King et al., 2020	ok	2026-08-05T19:41:05Z
King_2020_2/csv/ERR4082283_paired.csv.gz	paired	https://opig.stats.ox.ac.uk/webapps/ngsdb/paired/King_2020_2/csv/ERR4082283_paired.csv.gz	csv	King_2020_2		2935	human	All	Paired	Tonsillitis	None	Subject-BCP5	3	no	Tonsillectomy	Unsorted-B-Cells	King et al., 2020	ok	2026-08-05T19:41:05Z
King_2020_2/csv/ERR4082291_paired.csv.gz	paired	https://opig.stats.ox.ac.uk/webapps/ngsdb/paired/King_2020_2/csv/ERR4082291_paired.csv.gz	csv	King_2020_2		2812	human	All	Paired	Tonsillitis/Obstructive-Sleep-Apnea	None	Subject-BCP6	5	no	Tonsillectomy	Unsorted-B-Cells	King et al., 2020	ok	2026-08-05T19:41:05Z
King_2020_2/csv/ERR4082299_paired.csv.gz	paired	https://opig.stats.ox.ac.uk/webapps/ngsdb/paired/King_2020_2/csv/ERR4082299_paired.csv.gz	csv	King_2020_2		2888	human	All	Paired	Tonsillitis/Obstructive-Sleep-Apnea	None	Subject-BCP8	3	no	Tonsillectomy	Unsorted-B-Cells	King et al., 2020	ok	2026-08-05T19:41:05Z
King_2020_2/csv/ERR4082303_paired.csv.gz	paired	https://opig.stats.ox.ac.uk/webapps/ngsdb/paired/King_2020_2/csv/ERR4082303_paired.csv.gz	csv	King_2020_2		2978	human	All	Paired	Tonsillitis	None	Subject-BCP9	9	no	Tonsillectomy	Unsorted-B-Cells	King et al., 2020	ok	2026-08-05T19:41:05Z
Koenig_2024/csv_paired/SRR26891820_1_Paired_All.csv.gz	paired	https://opig.stats.ox.ac.uk/webapps/ngsdb/paired/Koenig_2024/csv_paired/SRR26891820_1_Paired_All.csv.gz	csv_paired	Koenig_2024		279	human	All	Paired	Allergy	None	no	no	no	PBMC	Memory B cells	Koenig	ok	2026-08-05T19:41:05Z
Koenig_2024/csv_paired/SRR26891821_1_Paired_All.csv.gz	paired	https://opig.stats.ox.ac.uk/webapps/ngsdb/paired/Koenig_2024/csv_paired/SRR26891821_1_Paired_All.csv.gz	csv_paired	Koenig_2024		127	human	All	Paired	Allergy	None	no	no	no	PBMC	Memory B cells	Koenig	ok	2026-08-05T19:41:05Z
Koenig_2024/csv_paired/SRR26891822_1_Paired_All.csv.gz	paired	https://opig.stats.ox.ac.uk/webapps/ngsdb/paired/Koenig_2024/csv_paired/SRR26891822_1_Paired_All.csv.gz	csv_paired	Koenig_2024		634	human	All	Paired	Allergy	None	no	no	no	PBMC	Memory B cells	Koenig	ok	2026-08-05T19:41:05Z
Koenig_2024/csv_paired/SRR26891823_1_Paired_All.csv.gz	paired	https://opig.stats.ox.ac.uk/webapps/ngsdb/paired/Koenig_2024/csv_paired/SRR26891823_1_Paired_All.csv.gz	csv_paired	Koenig_2024		509	human	All	Paired	Allergy	None	no	no	no	PBMC	Memory B cells	Koenig	ok	2026-08-05T19:41:05Z
Koenig_2024/csv_paired/SRR26891824_1_Paired_All.csv.gz	paired	https://opig.stats.ox.ac.uk/webapps/ngsdb/paired/Koenig_2024/csv_paired/SRR26891824_1_Paired_All.csv.gz	csv_paired	Koenig_2024		324	human	All	Paired	Allergy	None	no	no	no	PBMC	Memory B cells	Koenig	ok	2026-08-05T19:41:05Z
Koenig_2024/csv_paired/SRR26891825_1_Paired_All.csv.gz	paired	https://opig.stats.ox.ac.uk/webapps/ngsdb/paired/Koenig_2024/csv_paired/SRR26891825_1_Paired_All.csv.gz	csv_paired	Koenig_2024		264	human	All	Paired	Allergy	None	no	no	no	PBMC	Memory B cells	Koenig	ok	2026-08-05T19:41:05Z
Koenig_2024/csv_paired/SRR26891826_1_Paired_All.csv.gz	paired	https://opig.stats.ox.ac.uk/webapps/ngsdb/paired/Koenig_2024/csv_paired/SRR26891826_1_Paired_All.csv.gz	csv_paired	Koenig_2024		196	human	All	Paired	Allergy	None	no	no	no	PBMC	Memory B cells	Koenig	ok	2026-08-05T19:41:05Z
Koenig_2024/csv_paired/SRR26891827_1_Paired_All.csv.gz	paired	https://opig.stats.ox.ac.uk/webapps/ngsdb/paired/Koenig_2024/csv_paired/SRR26891827_1_Paired_All.csv.gz	csv_paired	Koenig_2024		288	human	All	Paired	Allergy	None	no	no	no	PBMC	Memory B cells	Koenig	ok	2026-08-05T19:41:05Z
Koenig_2024/csv_paired/SRR26891828_1_Paired_All.csv.gz	paired	https://opig.stats.ox.ac.uk/webapps/ngsdb/paired/Koenig_2024/csv_paired/SRR26891828_1_Paired_All.csv.gz	csv_paired	Koenig_2024		804	human	All	Paired	Allergy	None	no	no	no	PBMC	Memory B cells	Koenig	ok	2026-08-05T19:41:05Z
Koenig_2024/csv_paired/SRR26891829_1_Paired_All.csv.gz	paired	https://opig.stats.ox.ac.uk/webapps/ngsdb/paired/Koenig_2024/csv_paired/SRR26891829_1_Paired_All.csv.gz	csv_paired	Koenig_2024		653	human	All	Paired	Allergy	None	no	no	no	PBMC	Memory B cells	Koenig	ok	2026-08-05T19:41:05Z
Koenig_2024/csv_paired/SRR26891830_1_Paired_All.csv.gz	paired	https://opig.stats.ox.ac.uk/webapps/ngsdb/paired/Koenig_2024/csv_paired/SRR26891830_1_Paired_All.csv.gz	csv_paired	Koenig_2024		312	human	All	Paired	Allergy	None	no	no	no	PBMC	Memory B cells	Koenig	ok	2026-08-05T19:41:05Z
Koenig_2024/csv_paired/SRR26891831_1_Paired_All.csv.gz	paired	https://opig.stats.ox.ac.uk/webapps/ngsdb/paired/Koenig_2024/csv_paired/SRR26891831_1_Paired_All.csv.gz	csv_paired	Koenig_2024		728	human	All	Paired	Allergy	None	no	no	no	PBMC	Memory B cells	Koenig	ok	2026-08-05T19:41:05Z
Koenig_2024/csv_paired/SRR26891832_1_Paired_All.csv.gz	paired	https://opig.stats.ox.ac.uk/webapps/ngsdb/paired/Koenig_2024/csv_paired/SRR26891832_1_Paired_All.csv.gz	csv_paired	Koenig_2024		31	human	All	Paired	Allergy	None	no	no	no	PBMC	Memory B cells	Koenig	ok	2026-08-05T19:41:05Z
McIntire_2024/csv_paired/GSM6504685_1_Paired_All.csv.gz	paired	https://opig.stats.ox.ac.uk/webapps/ngsdb/paired/McIntire_2024/csv_paired/GSM6504685_1_Paired_All.csv.gz	csv_paired	McIntire_2024		1646	human	All	Paired	None	Seasonal-influenza-vaccine	no	no	d0	FNA	Unsorted-B-Cells	McIntire et al. 2024	ok	2026-08-05T19:41:05Z
McIntire_2024/csv_paired/GSM6504686_1_Paired_All.csv.gz	paired	https://opig.stats.ox.ac.uk/webapps/ngsdb/paired/McIntire_2024/csv_paired/GSM6504686_1_Paired_All.csv.gz	csv_paired	McIntire_2024		1588	human	All	Paired	None	Seasonal-influenza-vaccine	no	no	d0	FNA	Unsorted-B-Cells	McIntire et al. 2024	ok	2026-08-05T19:41:05Z
McIntire_2024/csv_paired/GSM6504687_1_Paired_All.csv.gz	paired	https://opig.stats.ox.ac.uk/webapps/ngsdb/paired/McIntire_2024/csv_paired/GSM6504687_1_Paired_All.csv.gz	csv_paired	McIntire_2024		1804	human	All	Paired	None	Seasonal-influenza-vaccine	no	no	no	FNA	Unsorted-B-Cells	McIntire et al. 2024	ok	2026-08-05T19:41:05Z
McIntire_2024/csv_paired/GSM6504688_1_Paired_All.csv.gz	paired	https://opig.stats.ox.ac.uk/webapps/ngsdb/paired/McIntire_2024/csv_paired/GSM6504688_1_Paired_All.csv.gz	csv_paired	McIntire_2024		1590	human	All	Paired	None	Seasonal-influenza-vaccine	no	no	no	FNA	Unsorted-B-Cells	McIntire et al. 2024	ok	2026-08-05T19:41:05Z
McIntire_2024/csv_paired/GSM6504689_1_Paired_All.csv.gz	paired	https://opig.stats.ox.ac.uk/webapps/ngsdb/paired/McIntire_2024/csv_paired/GSM6504689_1_Paired_All.csv.gz	csv_paired	McIntire_2024		3826	human	All	Paired	None	Seasonal-influenza-vaccine	no	no	d5	FNA	Unsorted-B-Cells	McIntire et al. 2024	ok	2026-08-05T19:41:05Z
McIntire_2024/csv_paired/GSM6504690_1_Paired_All.csv.gz	paired	https://opig.stats.ox.ac.uk/webapps/ngsdb/paired/McIntire_2024/csv_paired/GSM6504690_1_Paired_All.csv.gz	csv_paired	McIntire_2024		3204	human	All	Paired	None	Seasonal-influenza-vaccine	no	no	d5	FNA	Unsorted-B-Cells	McIntire et al. 2024	ok	2026-08-05T19:41:05Z
McIntire_2024/csv_paired/GSM6504691_1_Paired_All.csv.gz	paired	https://opig.stats.ox.ac.uk/webapps/ngsdb/paired/McIntire_2024/csv_paired/GSM6504691_1_Paired_All.csv.gz	csv_paired	McIntire_2024		1970	human	All	Paired	None	Seasonal-influenza-vaccine	no	no	d12	FNA	Unsorted-B-Cells	McIntire et al. 2024	ok	2026-08-05T19:41:05Z
McIntire_2024/csv_paired/GSM6504692_1_Paired_All.csv.gz	paired	https://opig.stats.ox.ac.uk/webapps/ngsdb/paired/McIntire_2024/csv_paired/GSM6504692_1_Paired_All.csv.gz	csv_paired	McIntire_2024		1783	human	All	Paired	None	Seasonal-influenza-vaccine	no	no	d12	FNA	Unsorted-B-Cells	McIntire et al. 2024	ok	2026-08-05T19:41:05Z
McIntire_2024/csv_paired/GSM6504693_1_Paired_All.csv.gz	paired	https://opig.stats.ox.ac.uk/webapps/ngsdb/paired/McIntire_2024/csv_paired/GSM6504693_1_Paired_All.csv.gz	csv_paired	McIntire_2024		1546	human	All	Paired	None	Seasonal-influenza-vaccine	no	no	no	FNA	Unsorted-B-Cells	McIntire et al. 2024	ok	2026-08-05T19:41:05Z
McIntire_2024/csv_paired/GSM6504694_1_Paired_All.csv.gz	paired	https://opig.stats.ox.ac.uk/webapps/ngsdb/paired/McIntire_2024/csv_paired/GSM6504694_1_Paired_All.csv.gz	csv_paired	McIntire_2024		1243	human	All	Paired	None	Seasonal-influenza-vaccine	no	no	no	FNA	Unsorted-B-Cells	McIntire et al. 2024	ok	2026-08-05T19:41:05Z
McIntire_2024/csv_paired/GSM6504695_1_Paired_All.csv.gz	paired	https://opig.stats.ox.ac.uk/webapps/ngsdb/paired/McIntire_2024/csv_paired/GSM6504695_1_Paired_All.csv.gz	csv_paired	McIntire_2024		843	human	All	Paired	None	Seasonal-influenza-vaccine	no	no	no	FNA	Unsorted-B-Cells	McIntire et al. 2024	ok	2026-08-05T19:41:05Z
McIntire_2024/csv_paired/GSM6504696_1_Paired_All.csv.gz	paired	https://opig.stats.ox.ac.uk/webapps/ngsdb/paired/McIntire_2024/csv_paired/GSM6504696_1_Paired_All.csv.gz	csv_paired	McIntire_2024		2058	human	All	Paired	None	Seasonal-influenza-vaccine	no	no	no	FNA	Unsorted-B-Cells	McIntire et al. 2024	ok	2026-08-05T19:41:05Z
McIntire_2024/csv_paired/GSM6504697_1_Paired_All.csv.gz	paired	https://opig.stats.ox.ac.uk/webapps/ngsdb/paired/McIntire_2024/csv_paired/GSM6504697_1_Paired_All.csv.gz	csv_paired	McIntire_2024		1741	human	All	Paired	None	Seasonal-influenza-vaccine	no	no	no	FNA	Unsorted-B-Cells	McIntire et al. 2024	ok	2026-08-05T19:41:05Z
McIntire_2024/csv_paired/GSM6504698_1_Paired_All.csv.gz	paired	https://opig.stats.ox.ac.uk/webapps/ngsdb/paired/McIntire_2024/csv_paired/GSM6504698_1_Paired_All.csv.gz	csv_paired	McIntire_2024		2355	human	All	Paired	None	Seasonal-influenza-vaccine	no	no	no	FNA	Unsorted-B-Cells	McIntire et al. 2024	ok	2026-08-05T19:41:05Z
McIntire_2024/csv_paired/GSM6504699_1_Paired_All.csv.gz	paired	https://opig.stats.ox.ac.uk/webapps/ngsdb/paired/McIntire_2024/csv_paired/GSM6504699_1_Paired_All.csv.gz	csv_paired	McIntire_2024		2530	human	All	Paired	None	Seasonal-influenza-vaccine	no	no	d120	FNA	Unsorted-B-Cells	McIntire et al. 2024	ok	2026-08-05T19:41:05Z
McIntire_2024/csv_paired/GSM6504700_1_Paired_All.csv.gz	paired	https://opig.stats.ox.ac.uk/webapps/ngsdb/paired/McIntire_2024/csv_paired/GSM6504700_1_Paired_All.csv.gz	csv_paired	McIntire_2024		2956	human	All	Paired	None	Seasonal-influenza-vaccine	no	no	d120	FNA	Unsorted-B-Cells	McIntire et al. 2024	ok	2026-08-05T19:41:05Z
McIntire_2024/csv_paired/GSM6504701_1_Paired_All.csv.gz	paired	https://opig.stats.ox.ac.uk/webapps/ngsdb/paired/McIntire_2024/csv_paired/GSM6504701_1_Paired_All.csv.gz	csv_paired	McIntire_2024		8380	human	All	Paired	None	Seasonal-influenza-vaccine	no	no	d0	PBMC	Unsorted-B-Cells	McIntire et al. 2024	ok	2026-08-05T19:41:05Z
McIntire_2024/csv_paired/GSM6504702_1_Paired_All.csv.gz	paired	https://opig.stats.ox.ac.uk/webapps/ngsdb/paired/McIntire_2024/csv_paired/GSM6504702_1_Paired_All.csv.gz	csv_paired	McIntire_2024		8645	human	All	Paired	None	Seasonal-influenza-vaccine	no	no	no	PBMC	Unsorted-B-Cells	McIntire et al. 2024	ok	2026-08-05T19:41:05Z
McIntire_2024/csv_paired/GSM6504703_1_Paired_All.csv.gz	paired	https://opig.stats.ox.ac.uk/webapps/ngsdb/paired/McIntire_2024/csv_paired/GSM6504703_1_Paired_All.csv.gz	csv_paired	McIntire_2024		8151	human	All	Paired	None	Seasonal-influenza-vaccine	no	no	d12	PBMC	Unsorted-B-Cells	McIntire et al. 2024	ok	2026-08-05T19:41:05Z
McIntire_2024/csv_paired/GSM6504704_1_Paired_All.csv.gz	paired	https://opig.stats.ox.ac.uk/webapps/ngsdb/paired/McIntire_2024/csv_paired/GSM6504704_1_Paired_All.csv.gz	csv_paired	McIntire_2024		9892	human	All	Paired	None	Seasonal-influenza-vaccine	no	no	no	PBMC	Unsorted-B-Cells	McIntire et al. 2024	ok	2026-08-05T19:41:05Z
McIntire_2024/csv_paired/GSM6504705_1_Paired_All.csv.gz	paired	https://opig.stats.ox.ac.uk/webapps/ngsdb/paired/McIntire_2024/csv_paired/GSM6504705_1_Paired_All.csv.gz	csv_paired	McIntire_2024		6959	human	All	Paired	None	Seasonal-influenza-vaccine	no	no	no	PBMC	Unsorted-B-Cells	McIntire et al. 2024	ok	2026-08-05T19:41:05Z
McIntire_2024/csv_paired/GSM6504706_1_Paired_All.csv.gz	paired	https://opig.stats.ox.ac.uk/webapps/ngsdb/paired/McIntire_2024/csv_paired/GSM6504706_1_Paired_All.csv.gz	csv_paired	McIntire_2024		7698	human	All	Paired	None	Seasonal-influenza-vaccine	no	no	d120	PBMC	Unsorted-B-Cells	McIntire et al. 2024	ok	2026-08-05T19:41:05Z
McIntire_2024/csv_paired/GSM6504707_1_Paired_All.csv.gz	paired	https://opig.stats.ox.ac.uk/webapps/ngsdb/paired/McIntire_2024/csv_paired/GSM6504707_1_Paired_All.csv.gz	csv_paired	McIntire_2024		6559	human	All	Paired	None	Seasonal-influenza-vaccine	no	no	d5	PBMC	Unsorted-B-Cells	McIntire et al. 2024	ok	2026-08-05T19:41:05Z
McIntire_2024/csv_paired/GSM6504708_1_Paired_All.csv.gz	paired	https://opig.stats.ox.ac.uk/webapps/ngsdb/paired/McIntire_2024/csv_paired/GSM6504708_1_Paired_All.csv.gz	csv_paired	McIntire_2024		8923	human	All	Paired	None	Seasonal-influenza-vaccine	no	no	no	PBMC	Unsorted-B-Cells	McIntire et al. 2024	ok	2026-08-05T19:41:05Z
McIntire_2024/csv_paired/GSM6504709_1_Paired_All.csv.gz	paired	https://opig.stats.ox.ac.uk/webapps/ngsdb/paired/McIntire_2024/csv_paired/GSM6504709_1_Paired_All.csv.gz	csv_paired	McIntire_2024		1835	human	All	Paired	None	Seasonal-influenza-vaccine	no	no	d0	FNA	Unsorted-B-Cells	McIntire et al. 2024	ok	2026-08-05T19:41:05Z
McIntire_2024/csv_paired/GSM6504710_1_Paired_All.csv.gz	paired	https://opig.stats.ox.ac.uk/webapps/ngsdb/paired/McIntire_2024/csv_paired/GSM6504710_1_Paired_All.csv.gz	csv_paired	McIntire_2024		1968	human	All	Paired	None	Seasonal-influenza-vaccine	no	no	d0	FNA	Unsorted-B-Cells	McIntire et al. 2024	ok	2026-08-05T19:41:05Z
McIntire_2024/csv_paired/GSM6504711_1_Paired_All.csv.gz	paired	https://opig.stats.ox.ac.uk/webapps/ngsdb/paired/McIntire_2024/csv_paired/GSM6504711_1_Paired_All.csv.gz	csv_paired	McIntire_2024		1334	human	All	Paired	None	Seasonal-influenza-vaccine	no	no	d0	FNA	Unsorted-B-Cells	McIntire et al. 2024	ok	2026-08-05T19:41:05Z
McIntire_2024/csv_paired/GSM6504712_1_Paired_All.csv.gz	paired	https://opig.stats.ox.ac.uk/webapps/ngsdb/paired/McIntire_2024/csv_paired/GSM6504712_1_Paired_All.csv.gz	csv_paired	McIntire_2024		1151	human	All	Paired	None	Seasonal-influenza-vaccine	no	no	d0	FNA	Unsorted-B-Cells	McIntire et al. 2024	ok	2026-08-05T19:41:05Z
McIntire_2024/csv_paired/GSM6504713_1_Paired_All.csv.gz	paired	https://opig.stats.ox.ac.uk/webapps/ngsdb/paired/McIntire_2024/csv_paired/GSM6504713_1_Paired_All.csv.gz	csv_paired	McIntire_2024		1440	human	All	Paired	None	Seasonal-influenza-vaccine	no	no	d0	FNA	Unsorted-B-Cells	McIntire et al. 2024	ok	2026-08-05T19:41:05Z
McIntire_2024/csv_paired/GSM6504714_1_Paired_All.csv.gz	paired	https://opig.stats.ox.ac.uk/webapps/ngsdb/paired/McIntire_2024/csv_paired/GSM6504714_1_Paired_All.csv.gz	csv_paired	McIntire_2024		2957	human	All	Paired	None	Seasonal-influenza-vaccine	no	no	d5	FNA	Unsorted-B-Cells	McIntire et al. 2024	ok	2026-08-05T19:41:05Z
McIntire_2024/csv_paired/GSM6504715_1_Paired_All.csv.gz	paired	https://opig.stats.ox.ac.uk/webapps/ngsdb/paired/McIntire_2024/csv_paired/GSM6504715_1_Paired_All.csv.gz	csv_paired	McIntire_2024		2284	human	All	Paired	None	Seasonal-influenza-vaccine	no	no	d5	FNA	Unsorted-B-Cells	McIntire et al. 2024	ok	2026-08-05T19:41:05Z
McIntire_2024/csv_paired/GSM6504716_1_Paired_All.csv.gz	paired	https://opig.stats.ox.ac.uk/webapps/ngsdb/paired/McIntire_2024/csv_paired/GSM6504716_1_Paired_All.csv.gz	csv_paired	McIntire_2024		1542	human	All	Paired	None	Seasonal-influenza-vaccine	no	no	d7	FNA	Unsorted-B-Cells	McIntire et al. 2024	ok	2026-08-05T19:41:05Z
McIntire_2024/csv_paired/GSM6504717_1_Paired_All.csv.gz	paired	https://opig.stats.ox.ac.uk/webapps/ngsdb/paired/McIntire_2024/csv_paired/GSM6504717_1_Paired_All.csv.gz	csv_paired	McIntire_2024		1535	human	All	Paired	None	Seasonal-influenza-vaccine	no	no	d7	FNA	Unsorted-B-Cells	McIntire et al. 2024	ok	2026-08-05T19:41:05Z
McIntire_2024/csv_paired/GSM6504718_1_Paired_All.csv.gz	paired	https://opig.stats.ox.ac.uk/webapps/ngsdb/paired/McIntire_2024/csv_paired/GSM6504718_1_Paired_All.csv.gz	csv_paired	McIntire_2024		1521	human	All	Paired	None	Seasonal-influenza-vaccine	no	no	d7	FNA	Unsorted-B-Cells	McIntire et al. 2024	ok	2026-08-05T19:41:05Z
McIntire_2024/csv_paired/GSM6504719_1_Paired_All.csv.gz	paired	https://opig.stats.ox.ac.uk/webapps/ngsdb/paired/McIntire_2024/csv_paired/GSM6504719_1_Paired_All.csv.gz	csv_paired	McIntire_2024		2945	human	All	Paired	None	Seasonal-influenza-vaccine	no	no	d12	FNA	Unsorted-B-Cells	McIntire et al. 2024	ok	2026-08-05T19:41:05Z
McIntire_2024/csv_paired/GSM6504720_1_Paired_All.csv.gz	paired	https://opig.stats.ox.ac.uk/webapps/ngsdb/paired/McIntire_2024/csv_paired/GSM6504720_1_Paired_All.csv.gz	csv_paired	McIntire_2024		2157	human	All	Paired	None	Seasonal-influenza-vaccine	no	no	d12	FNA	Unsorted-B-Cells	McIntire et al. 2024	ok	2026-08-05T19:41:05Z
McIntire_2024/csv_paired/GSM6504721_1_Paired_All.csv.gz	paired	https://opig.stats.ox.ac.uk/webapps/ngsdb/paired/McIntire_2024/csv_paired/GSM6504721_1_Paired_All.csv.gz	csv_paired	McIntire_2024		2710	human	All	Paired	None	Seasonal-influenza-vaccine	no	no	d12	FNA	Unsorted-B-Cells	McIntire et al. 2024	ok	2026-08-05T19:41:05Z
McIntire_2024/csv_paired/GSM6504722_1_Paired_All.csv.gz	paired	https://opig.stats.ox.ac.uk/webapps/ngsdb/paired/McIntire_2024/csv_paired/GSM6504722_1_Paired_All.csv.gz	csv_paired	McIntire_2024		7761	human	All	Paired	None	Seasonal-influenza-vaccine	no	no	d28	FNA	Unsorted-B-Cells	McIntire et al. 2024	ok	2026-08-05T19:41:05Z
McIntire_2024/csv_paired/GSM6504723_1_Paired_All.csv.gz	paired	https://opig.stats.ox.ac.uk/webapps/ngsdb/paired/McIntire_2024/csv_paired/GSM6504723_1_Paired_All.csv.gz	csv_paired	McIntire_2024		1707	human	All	Paired	None	Seasonal-influenza-vaccine	no	no	d28	FNA	Unsorted-B-Cells	McIntire et al. 2024	ok	2026-08-05T19:41:05Z
McIntire_2024/csv_paired/GSM6504724_1_Paired_All.csv.gz	paired	https://opig.stats.ox.ac.uk/webapps/ngsdb/paired/McIntire_2024/csv_paired/GSM6504724_1_Paired_All.csv.gz	csv_paired	McIntire_2024		1755	human	All	Paired	None	Seasonal-influenza-vaccine	no	no	d28	FNA	Unsorted-B-Cells	McIntire et al. 2024	ok	2026-08-05T19:41:05Z
McIntire_2024/csv_paired/GSM6504725_1_Paired_All.csv.gz	paired	https://opig.stats.ox.ac.uk/webapps/ngsdb/paired/McIntire_2024/csv_paired/GSM6504725_1_Paired_All.csv.gz	csv_paired	McIntire_2024		2699	human	All	Paired	None	Seasonal-influenza-vaccine	no	no	d28	FNA	Unsorted-B-Cells	McIntire et al. 2024	ok	2026-08-05T19:41:05Z
McIntire_2024/csv_paired/GSM6504726_1_Paired_All.csv.gz	paired	https://opig.stats.ox.ac.uk/webapps/ngsdb/paired/McIntire_2024/csv_paired/GSM6504726_1_Paired_All.csv.gz	csv_paired	McIntire_2024		2700	human	All	Paired	None	Seasonal-influenza-vaccine	no	no	d28	FNA	Unsorted-B-Cells	McIntire et al. 2024	ok	2026-08-05T19:41:05Z
McIntire_2024/csv_paired/GSM6504727_1_Paired_All.csv.gz	paired	https://opig.stats.ox.ac.uk/webapps/ngsdb/paired/McIntire_2024/csv_paired/GSM6504727_1_Paired_All.csv.gz	csv_paired	McIntire_2024		2502	human	All	Paired	None	Seasonal-influenza-vaccine	no	no	d28	FNA	Unsorted-B-Cells	McIntire et al. 2024	ok	2026-08-05T19:41:05Z
McIntire_2024/csv_paired/GSM6504728_1_Paired_All.csv.gz	paired	https://opig.stats.ox.ac.uk/webapps/ngsdb/paired/McIntire_2024/csv_paired/GSM6504728_1_Paired_All.csv.gz	csv_paired	McIntire_2024		2693	human	All	Paired	None	Seasonal-influenza-vaccine	no	no	d60	FNA	Unsorted-B-Cells	McIntire et al. 2024	ok	2026-08-05T19:41:05Z
McIntire_2024/csv_paired/GSM6504729_1_Paired_All.csv.gz	paired	https://opig.stats.ox.ac.uk/webapps/ngsdb/paired/McIntire_2024/csv_paired/GSM6504729_1_Paired_All.csv.gz	csv_paired	McIntire_2024		2699	human	All	Paired	None	Seasonal-influenza-vaccine	no	no	d60	FNA	Unsorted-B-Cells	McIntire et al. 2024	ok	2026-08-05T19:41:05Z
McIntire_2024/csv_paired/GSM6504730_1_Paired_All.csv.gz	paired	https://opig.stats.ox.ac.uk/webapps/ngsdb/paired/McIntire_2024/csv_paired/GSM6504730_1_Paired_All.csv.gz	csv_paired	McIntire_2024		1259	human	All	Paired	None	Seasonal-influenza-vaccine	no	no	d60	FNA	Unsorted-B-Cells	McIntire et al. 2024	ok	2026-08-05T19:41:05Z
McIntire_2024/csv_paired/GSM6504731_1_Paired_All.csv.gz	paired	https://opig.stats.ox.ac.uk/webapps/ngsdb/paired/McIntire_2024/csv_paired/GSM6504731_1_Paired_All.csv.gz	csv_paired	McIntire_2024		1311	human	All	Paired	None	Seasonal-influenza-vaccine	no	no	d60	FNA	Unsorted-B-Cells	McIntire et al. 2024	ok	2026-08-05T19:41:05Z
McIntire_2024/csv_paired/GSM6504732_1_Paired_All.csv.gz	paired	https://opig.stats.ox.ac.uk/webapps/ngsdb/paired/McIntire_2024/csv_paired/GSM6504732_1_Paired_All.csv.gz	csv_paired	McIntire_2024		1121	human	All	Paired	None	Seasonal-influenza-vaccine	no	no	d60	FNA	Unsorted-B-Cells	McIntire et al. 2024	ok	2026-08-05T19:41:05Z
McIntire_2024/csv_paired/GSM6504733_1_Paired_All.csv.gz	paired	https://opig.stats.ox.ac.uk/webapps/ngsdb/paired/McIntire_2024/csv_paired/GSM6504733_1_Paired_All.csv.gz	csv_paired	McIntire_2024		1561	human	All	Paired	None	Seasonal-influenza-vaccine	no	no	no	FNA	Unsorted-B-Cells	McIntire et al. 2024	ok	2026-08-05T19:41:05Z
McIntire_2024/csv_paired/GSM6504734_1_Paired_All.csv.gz	paired	https://opig.stats.ox.ac.uk/webapps/ngsdb/paired/McIntire_2024/csv_paired/GSM6504734_1_Paired_All.csv.gz	csv_paired	McIntire_2024		1567	human	All	Paired	None	Seasonal-influenza-vaccine	no	no	no	FNA	Unsorted-B-Cells	McIntire et al. 2024	ok	2026-08-05T19:41:05Z
McIntire_2024/csv_paired/GSM6504735_1_Paired_All.csv.gz	paired	https://opig.stats.ox.ac.uk/webapps/ngsdb/paired/McIntire_2024/csv_paired/GSM6504735_1_Paired_All.csv.gz	csv_paired	McIntire_2024		1787	human	All	Paired	None	Seasonal-influenza-vaccine	no	no	no	FNA	Unsorted-B-Cells	McIntire et al. 2024	ok	2026-08-05T19:41:05Z
McIntire_2024/csv_paired/GSM6504736_1_Paired_All.csv.gz	paired	https://opig.stats.ox.ac.uk/webapps/ngsdb/paired/McIntire_2024/csv_paired/GSM6504736_1_Paired_All.csv.gz	csv_paired	McIntire_2024		1790	human	All	Paired	None	Seasonal-influenza-vaccine	no	no	no	FNA	Unsorted-B-Cells	McIntire et al. 2024	ok	2026-08-05T19:41:05Z
McIntire_2024/csv_paired/GSM6504737_1_Paired_All.csv.gz	paired	https://opig.stats.ox.ac.uk/webapps/ngsdb/paired/McIntire_2024/csv_paired/GSM6504737_1_Paired_All.csv.gz	csv_paired	McIntire_2024		1554	human	All	Paired	None	Seasonal-influenza-vaccine	no	no	d90	FNA	Unsorted-B-Cells	McIntire et al. 2024	ok	2026-08-05T19:41:05Z
McIntire_2024/csv_paired/GSM6504738_1_Paired_All.csv.gz	paired	https://opig.stats.ox.ac.uk/webapps/ngsdb/paired/McIntire_2024/csv_paired/GSM6504738_1_Paired_All.csv.gz	csv_paired	McIntire_2024		1426	human	All	Paired	None	Seasonal-influenza-vaccine	no	no	d90	FNA	Unsorted-B-Cells	McIntire et al. 2024	ok	2026-08-05T19:41:05Z
McIntire_2024/csv_paired/GSM6504739_1_Paired_All.csv.gz	paired	https://opig.stats.ox.ac.uk/webapps/ngsdb/paired/McIntire_2024/csv_paired/GSM6504739_1_Paired_All.csv.gz	csv_paired	McIntire_2024		2617	human	All	Paired	None	Seasonal-influenza-vaccine	no	no	d180	FNA	Unsorted-B-Cells	McIntire et al. 2024	ok	2026-08-05T19:41:05Z
McIntire_2024/csv_paired/GSM6504740_1_Paired_All.csv.gz	paired	https://opig.stats.ox.ac.uk/webapps/ngsdb/paired/McIntire_2024/csv_paired/GSM6504740_1_Paired_All.csv.gz	csv_paired	McIntire_2024		1690	human	All	Paired	None	Seasonal-influenza-vaccine	no	no	d180	FNA	Unsorted-B-Cells	McIntire et al. 2024	ok	2026-08-05T19:41:05Z
McIntire_2024/csv_paired/GSM6504741_1_Paired_All.csv.gz	paired	https://opig.stats.ox.ac.uk/webapps/ngsdb/paired/McIntire_2024/csv_paired/GSM6504741_1_Paired_All.csv.gz	csv_paired	McIntire_2024		3086	human	All	Paired	None	Seasonal-influenza-vaccine	no	no	d0	PBMC	Unsorted-B-Cells	McIntire et al. 2024	ok	2026-08-05T19:41:05Z
McIntire_2024/csv_paired/GSM6504742_1_Paired_All.csv.gz	paired	https://opig.stats.ox.ac.uk/webapps/ngsdb/paired/McIntire_2024/csv_paired/GSM6504742_1_Paired_All.csv.gz	csv_paired	McIntire_2024		7527	human	All	Paired	None	Seasonal-influenza-vaccine	no	no	d0	PBMC	Unsorted-B-Cells	McIntire et al. 2024	ok	2026-08-05T19:41:05Z
McIntire_2024/csv_paired/GSM6504743_1_Paired_All.csv.gz	paired	https://opig.stats.ox.ac.uk/webapps/ngsdb/paired/McIntire_2024/csv_paired/GSM6504743_1_Paired_All.csv.gz	csv_paired	McIntire_2024		2611	human	All	Paired	None	Seasonal-influenza-vaccine	no	no	d5	PBMC	Unsorted-B-Cells	McIntire et al. 2024	ok	2026-08-05T19:41:05Z
McIntire_2024/csv_paired/GSM6504744_1_Paired_All.csv.gz	paired	https://opig.stats.ox.ac.uk/webapps/ngsdb/paired/McIntire_2024/csv_paired/GSM6504744_1_Paired_All.csv.gz	csv_paired	McIntire_2024		4927	human	All	Paired	None	Seasonal-influenza-vaccine	no	no	d12	PBMC	Unsorted-B-Cells	McIntire et al. 2024	ok	2026-08-05T19:41:05Z
McIntire_2024/csv_paired/GSM6504745_1_Paired_All.csv.gz	paired	https://opig.stats.ox.ac.uk/webapps/ngsdb/paired/McIntire_2024/csv_paired/GSM6504745_1_Paired_All.csv.gz	csv_paired	McIntire_2024		4209	human	All	Paired	None	Seasonal-influenza-vaccine	no	no	d13	PBMC	Unsorted-B-Cells	McIntire et al. 2024	ok	2026-08-05T19:41:05Z
McIntire_2024/csv_paired/GSM6504746_1_Paired_All.csv.gz	paired	https://opig.stats.ox.ac.uk/webapps/ngsdb/paired/McIntire_2024/csv_paired/GSM6504746_1_Paired_All.csv.gz	csv_paired	McIntire_2024		6592	human	All	Paired	None	Seasonal-influenza-vaccine	no	no	d28	PBMC	Unsorted-B-Cells	McIntire et al. 2024	ok	2026-08-05T19:41:05Z
McIntire_2024/csv_paired/GSM6504747_1_Paired_All.csv.gz	paired	https://opig.stats.ox.ac.uk/webapps/ngsdb/paired/McIntire_2024/csv_paired/GSM6504747_1_Paired_All.csv.gz	csv_paired	McIntire_2024		2528	human	All	Paired	None	Seasonal-influenza-vaccine	no	no	d28	PBMC	Unsorted-B-Cells	McIntire et al. 2024	ok	2026-08-05T19:41:05Z
McIntire_2024/csv_paired/GSM6504748_1_Paired_All.csv.gz	paired	https://opig.stats.ox.ac.uk/webapps/ngsdb/paired/McIntire_2024/csv_paired/GSM6504748_1_Paired_All.csv.gz	csv_paired	McIntire_2024		2498	human	All	Paired	None	Seasonal-influenza-vaccine	no	no	d60	PBMC	Unsorted-B-Cells	McIntire et al. 2024	ok	2026-08-05T19:41:05Z
McIntire_2024/csv_paired/GSM6504749_1_Paired_All.csv.gz	paired	https://opig.stats.ox.ac.uk/webapps/ngsdb/paired/McIntire_2024/csv_paired/GSM6504749_1_Paired_All.csv.gz	csv_paired	McIntire_2024		4605	human	All	Paired	None	Seasonal-influenza-vaccine	no	no	d60	PBMC	Unsorted-B-Cells	McIntire et al. 2024	ok	2026-08-05T19:41:05Z
McIntire_2024/csv_paired/GSM6504750_1_Paired_All.csv.gz	paired	https://opig.stats.ox.ac.uk/webapps/ngsdb/paired/McIntire_2024/csv_paired/GSM6504750_1_Paired_All.csv.gz	csv_paired	McIntire_2024		2435	human	All	Paired	None	Seasonal-influenza-vaccine	no	no	d90	PBMC	Unsorted-B-Cells	McIntire et al. 2024	ok	2026-08-05T19:41:05Z
McIntire_2024/csv_paired/GSM6504751_1_Paired_All.csv.gz	paired	https://opig.stats.ox.ac.uk/webapps/ngsdb/paired/McIntire_2024/csv_paired/GSM6504751_1_Paired_All.csv.gz	csv_paired	McIntire_2024		5806	human	All	Paired	None	Seasonal-influenza-vaccine	no	no	d90	PBMC	Unsorted-B-Cells	McIntire et al. 2024	ok	2026-08-05T19:41:05Z
McIntire_2024/csv_paired/GSM6504752_1_Paired_All.csv.gz	paired	https://opig.stats.ox.ac.uk/webapps/ngsdb/paired/McIntire_2024/csv_paired/GSM6504752_1_Paired_All.csv.gz	csv_paired	McIntire_2024		2943	human	All	Paired	None	Seasonal-influenza-vaccine	no	no	d120	PBMC	Unsorted-B-Cells	McIntire et al. 2024	ok	2026-08-05T19:41:05Z
McIntire_2024/csv_paired/GSM6504753_1_Paired_All.csv.gz	paired	https://opig.stats.ox.ac.uk/webapps/ngsdb/paired/McIntire_2024/csv_paired/GSM6504753_1_Paired_All.csv.gz	csv_paired	McIntire_2024		4778	human	All	Paired	None	Seasonal-influenza-vaccine	no	no	d180	PBMC	Unsorted-B-Cells	McIntire et al. 2024	ok	2026-08-05T19:41:05Z
McIntire_2024/csv_paired/GSM6504754_1_Paired_All.csv.gz	paired	https://opig.stats.ox.ac.uk/webapps/ngsdb/paired/McIntire_2024/csv_paired/GSM6504754_1_Paired_All.csv.gz	csv_paired	McIntire_2024		5658	human	All	Paired	None	Seasonal-influenza-vaccine	no	no	d0	PBMC	Unsorted-B-Cells	McIntire et al. 2024	ok	2026-08-05T19:41:05Z
McIntire_2024/csv_paired/GSM6504755_1_Paired_All.csv.gz	paired	https://opig.stats.ox.ac.uk/webapps/ngsdb/paired/McIntire_2024/csv_paired/GSM6504755_1_Paired_All.csv.gz	csv_paired	McIntire_2024		696	human	All	Paired	None	Seasonal-influenza-vaccine	no	no	d0	PBMC	Unsorted-B-Cells	McIntire et al. 2024	ok	2026-08-05T19:41:05Z
McIntire_2024/csv_paired/GSM6504756_1_Paired_All.csv.gz	paired	https://opig.stats.ox.ac.uk/webapps/ngsdb/paired/McIntire_2024/csv_paired/GSM6504756_1_Paired_All.csv.gz	csv_paired	McIntire_2024		3790	human	All	Paired	None	Seasonal-influenza-vaccine	no	no	d5	PBMC	Unsorted-B-Cells	McIntire et al. 2024	ok	2026-08-05T19:41:05Z
McIntire_2024/csv_paired/GSM6504757_1_Paired_All.csv.gz	paired	https://opig.stats.ox.ac.uk/webapps/ngsdb/paired/McIntire_2024/csv_paired/GSM6504757_1_Paired_All.csv.gz	csv_paired	McIntire_2024		850	human	All	Paired	None	Seasonal-influenza-vaccine	no	no	d5	PBMC	Unsorted-B-Cells	McIntire et al. 2024	ok	2026-08-05T19:41:05Z
McIntire_2024/csv_paired/GSM6504758_1_Paired_All.csv.gz	paired	https://opig.stats.ox.ac.uk/webapps/ngsdb/paired/McIntire_2024/csv_paired/GSM6504758_1_Paired_All.csv.gz	csv_paired	McIntire_2024		3983	human	All	Paired	None	Seasonal-influenza-vaccine	no	no	d12	PBMC	Unsorted-B-Cells	McIntire et al. 2024	ok	2026-08-05T19:41:05Z
McIntire_2024/csv_paired/GSM6504759_1_Paired_All.csv.gz	paired	https://opig.stats.ox.ac.uk/webapps/ngsdb/paired/McIntire_2024/csv_paired/GSM6504759_1_Paired_All.csv.gz	csv_paired	McIntire_2024		371	human	All	Paired	None	Seasonal-influenza-vaccine	no	no	d12	PBMC	Unsorted-B-Cells	McIntire et al. 2024	ok	2026-08-05T19:41:05Z
McIntire_2024/csv_paired/GSM6504760_1_Paired_All.csv.gz	paired	https://opig.stats.ox.ac.uk/webapps/ngsdb/paired/McIntire_2024/csv_paired/GSM6504760_1_Paired_All.csv.gz	csv_paired	McIntire_2024		4990	human	All	Paired	None	Seasonal-influenza-vaccine	no	no	d28	PBMC	Unsorted-B-Cells	McIntire et al. 2024	ok	2026-08-05T19:41:05Z
McIntire_2024/csv_paired/GSM6504761_1_Paired_All.csv.gz	paired	https://opig.stats.ox.ac.uk/webapps/ngsdb/paired/McIntire_2024/csv_paired/GSM6504761_1_Paired_All.csv.gz	csv_paired	McIntire_2024		362	human	All	Paired	None	Seasonal-influenza-vaccine	no	no	d28	PBMC	Unsorted-B-Cells	McIntire et al. 2024	ok	2026-08-05T19:41:05Z
McIntire_2024/csv_paired/GSM6504762_1_Paired_All.csv.gz	paired	https://opig.stats.ox.ac.uk/webapps/ngsdb/paired/McIntire_2024/csv_paired/GSM6504762_1_Paired_All.csv.gz	csv_paired	McIntire_2024		525	human	All	Paired	None	Seasonal-influenza-vaccine	no	no	d60	PBMC	Unsorted-B-Cells	McIntire et al. 2024	ok	2026-08-05T19:41:05Z
McIntire_2024/csv_paired/GSM6504763_1_Paired_All.csv.gz	paired	https://opig.stats.ox.ac.uk/webapps/ngsdb/paired/McIntire_2024/csv_paired/GSM6504763_1_Paired_All.csv.gz	csv_paired	McIntire_2024		5555	human	All	Paired	None	Seasonal-influenza-vaccine	no	no	d90	PBMC	Unsorted-B-Cells	McIntire et al. 2024	ok	2026-08-05T19:41:05Z
McIntire_2024/csv_paired/GSM6504764_1_Paired_All.csv.gz	paired	https://opig.stats.ox.ac.uk/webapps/ngsdb/paired/McIntire_2024/csv_paired/GSM6504764_1_Paired_All.csv.gz	csv_paired	McIntire_2024		2623	human	All	Paired	None	Seasonal-influenza-vaccine	no	no	d90	PBMC	Unsorted-B-Cells	McIntire et al. 2024	ok	2026-08-05T19:41:05Z
McIntire_2024/csv_paired/GSM6504765_1_Paired_All.csv.gz	paired	https://opig.stats.ox.ac.uk/webapps/ngsdb/paired/McIntire_2024/csv_paired/GSM6504765_1_Paired_All.csv.gz	csv_paired	McIntire_2024		290	human	All	Paired	None	Seasonal-influenza-vaccine	no	no	d120	PBMC	Unsorted-B-Cells	McIntire et al. 2024	ok	2026-08-05T19:41:05Z
McIntire_2024/csv_paired/GSM6504766_1_Paired_All.csv.gz	paired	https://opig.stats.ox.ac.uk/webapps/ngsdb/paired/McIntire_2024/csv_paired/GSM6504766_1_Paired_All.csv.gz	csv_paired	McIntire_2024		7138	human	All	Paired	None	Seasonal-influenza-vaccine	no	no	d180	PBMC	Unsorted-B-Cells	McIntire et al. 2024	ok	2026-08-05T19:41:05Z
McIntire_2024/csv_paired/GSM6504767_1_Paired_All.csv.gz	paired	https://opig.stats.ox.ac.uk/webapps/ngsdb/paired/McIntire_2024/csv_paired/GSM6504767_1_Paired_All.csv.gz	csv_paired	McIntire_2024		4241	human	All	Paired	None	Seasonal-influenza-vaccine	no	no	d6	PBMC	Unsorted-B-Cells	McIntire et al. 2024	ok	2026-08-05T19:41:05Z
McIntire_2024/csv_paired/GSM6504768_1_Paired_All.csv.gz	paired	https://opig.stats.ox.ac.uk/webapps/ngsdb/paired/McIntire_2024/csv_paired/GSM6504768_1_Paired_All.csv.gz	csv_paired	McIntire_2024		6391	human	All	Paired	None	Seasonal-influenza-vaccine	no	no	d0	PBMC	Unsorted-B-Cells	McIntire et al. 2024	ok	2026-08-05T19:41:05Z
McIntire_2024/csv_paired/GSM6504769_1_Paired_All.csv.gz	paired	https://opig.stats.ox.ac.uk/webapps/ngsdb/paired/McIntire_2024/csv_paired/GSM6504769_1_Paired_All.csv.gz	csv_paired	McIntire_2024		5428	human	All	Paired	None	Seasonal-influenza-vaccine	no	no	no	PBMC	Unsorted-B-Cells	McIntire et al. 2024	ok	2026-08-05T19:41:05Z
McIntire_2024/csv_paired/GSM6504770_1_Paired_All.csv.gz	paired	https://opig.stats.ox.ac.uk/webapps/ngsdb/paired/McIntire_2024/csv_paired/GSM6504770_1_Paired_All.csv.gz	csv_paired	McIntire_2024		5924	human	All	Paired	None	Seasonal-influenza-vaccine	no	no	d35	PBMC	Unsorted-B-Cells	McIntire et al. 2024	ok	2026-08-05T19:41:05Z
McIntire_2024/csv_paired/GSM6504771_1_Paired_All.csv.gz	paired	https://opig.stats.ox.ac.uk/webapps/ngsdb/paired/McIntire_2024/csv_paired/GSM6504771_1_Paired_All.csv.gz	csv_paired	McIntire_2024		5535	human	All	Paired	None	Seasonal-influenza-vaccine	no	no	no	PBMC	Unsorted-B-Cells	McIntire et al. 2024	ok	2026-08-05T19:41:05Z
McIntire_2024/csv_paired/GSM6504772_1_Paired_All.csv.gz	paired	https://opig.stats.ox.ac.uk/webapps/ngsdb/paired/McIntire_2024/csv_paired/GSM6504772_1_Paired_All.csv.gz	csv_paired	McIntire_2024		5933	human	All	Paired	None	Seasonal-influenza-vaccine	no	no	no	PBMC	Unsorted-B-Cells	McIntire et al. 2024	ok	2026-08-05T19:41:05Z
McIntire_2024/csv_paired/GSM6504773_1_Paired_All.csv.gz	paired	https://opig.stats.ox.ac.uk/webapps/ngsdb/paired/McIntire_2024/csv_paired/GSM6504773_1_Paired_All.csv.gz	csv_paired	McIntire_2024		6699	human	All	Paired	None	Seasonal-influenza-vaccine	no	no	d120	PBMC	Unsorted-B-Cells	McIntire et al. 2024	ok	2026-08-05T19:41:05Z
McIntire_2024/csv_paired/GSM6504774_1_Paired_All.csv.gz	paired	https://opig.stats.ox.ac.uk/webapps/ngsdb/paired/McIntire_2024/csv_paired/GSM6504774_1_Paired_All.csv.gz	csv_paired	McIntire_2024		6114	human	All	Paired	None	Seasonal-influenza-vaccine	no	no	d6	PBMC	Unsorted-B-Cells	McIntire et al. 2024	ok	2026-08-05T19:41:05Z
McIntire_2024/csv_paired/GSM6504775_1_Paired_All.csv.gz	paired	https://opig.stats.ox.ac.uk/webapps/ngsdb/paired/McIntire_2024/csv_paired/GSM6504775_1_Paired_All.csv.gz	csv_paired	McIntire_2024		5332	human	All	Paired	None	Seasonal-influenza-vaccine	no	no	no	PBMC	Unsorted-B-Cells	McIntire et al. 2024	ok	2026-08-05T19:41:05Z
McIntire_2024/csv_paired/GSM7286903_1_Paired_All.csv.gz	paired	https://opig.stats.ox.ac.uk/webapps/ngsdb/paired/McIntire_2024/csv_paired/GSM7286903_1_Paired_All.csv.gz	csv_paired	McIntire_2024		4006	human	All	Paired	None	Seasonal-influenza-vaccine	no	no	d0	Bone-Marrow	Unsorted-B-Cells	McIntire et al. 2024	ok	2026-08-05T19:41:05Z
McIntire_2024/csv_paired/GSM7286904_1_Paired_All.csv.gz	paired	https://opig.stats.ox.ac.uk/webapps/ngsdb/paired/McIntire_2024/csv_paired/GSM7286904_1_Paired_All.csv.gz	csv_paired	McIntire_2024		5463	human	All	Paired	None	Seasonal-influenza-vaccine	no	no	no	Bone-Marrow	Unsorted-B-Cells	McIntire et al. 2024	ok	2026-08-05T19:41:05Z
McIntire_2024/csv_paired/GSM7286905_1_Paired_All.csv.gz	paired	https://opig.stats.ox.ac.uk/webapps/ngsdb/paired/McIntire_2024/csv_paired/GSM7286905_1_Paired_All.csv.gz	csv_paired	McIntire_2024		4105	human	All	Paired	None	Seasonal-influenza-vaccine	no	no	d0	Bone-Marrow	Unsorted-B-Cells	McIntire et al. 2024	ok	2026-08-05T19:41:05Z
McIntire_2024/csv_paired/GSM7286906_1_Paired_All.csv.gz	paired	https://opig.stats.ox.ac.uk/webapps/ngsdb/paired/McIntire_2024/csv_paired/GSM7286906_1_Paired_All.csv.gz	csv_paired	McIntire_2024		5805	human	All	Paired	None	Seasonal-influenza-vaccine	no	no	no	Bone-Marrow	Unsorted-B-Cells	McIntire et al. 2024	ok	2026-08-05T19:41:05Z
McIntire_2024/csv_paired/GSM7286907_1_Paired_All.csv.gz	paired	https://opig.stats.ox.ac.uk/webapps/ngsdb/paired/McIntire_2024/csv_paired/GSM7286907_1_Paired_All.csv.gz	csv_paired	McIntire_2024		1094	human	All	Paired	None	Seasonal-influenza-vaccine	no	no	d180	Bone-Marrow	Unsorted-B-Cells	McIntire et al. 2024	ok	2026-08-05T19:41:05Z
McIntire_2024/csv_paired/GSM7286908_1_Paired_All.csv.gz	paired	https://opig.stats.ox.ac.uk/webapps/ngsdb/paired/McIntire_2024/csv_paired/GSM7286908_1_Paired_All.csv.gz	csv_paired	McIntire_2024		2509	human	All	Paired	None	Seasonal-influenza-vaccine	no	no	d180	Bone-Marrow	Unsorted-B-Cells	McIntire et al. 2024	ok	2026-08-05T19:41:05Z
McIntire_2024/csv_paired/GSM7286909_1_Paired_All.csv.gz	paired	https://opig.stats.ox.ac.uk/webapps/ngsdb/paired/McIntire_2024/csv_paired/GSM7286909_1_Paired_All.csv.gz	csv_paired	McIntire_2024		4458	human	All	Paired	None	Seasonal-influenza-vaccine	no	no	d28	Bone-Marrow	Unsorted-B-Cells	McIntire et al. 2024	ok	2026-08-05T19:41:05Z
McIntire_2024/csv_paired/GSM7286910_1_Paired_All.csv.gz	paired	https://opig.stats.ox.ac.uk/webapps/ngsdb/paired/McIntire_2024/csv_paired/GSM7286910_1_Paired_All.csv.gz	csv_paired	McIntire_2024		4263	human	All	Paired	None	Seasonal-influenza-vaccine	no	no	d28	Bone-Marrow	Unsorted-B-Cells	McIntire et al. 2024	ok	2026-08-05T19:41:05Z
McIntire_2024/csv_paired/GSM7286911_1_Paired_All.csv.gz	paired	https://opig.stats.ox.ac.uk/webapps/ngsdb/paired/McIntire_2024/csv_paired/GSM7286911_1_Paired_All.csv.gz	csv_paired	McIntire_2024		3634	human	All	Paired	None	Seasonal-influenza-vaccine	no	no	d0	Bone-Marrow	Unsorted-B-Cells	McIntire et al. 2024	ok	2026-08-05T19:41:05Z
McIntire_2024/csv_paired/GSM7286912_1_Paired_All.csv.gz	paired	https://opig.stats.ox.ac.uk/webapps/ngsdb/paired/McIntire_2024/csv_paired/GSM7286912_1_Paired_All.csv.gz	csv_paired	McIntire_2024		3382	human	All	Paired	None	Seasonal-influenza-vaccine	no	no	d0	Bone-Marrow	Unsorted-B-Cells	McIntire et al. 2024	ok	2026-08-05T19:41:05Z
McIntire_2024/csv_paired/GSM7286913_1_Paired_All.csv.gz	paired	https://opig.stats.ox.ac.uk/webapps/ngsdb/paired/McIntire_2024/csv_paired/GSM7286913_1_Paired_All.csv.gz	csv_paired	McIntire_2024		3204	human	All	Paired	None	Seasonal-influenza-vaccine	no	no	d180	Bone-Marrow	Unsorted-B-Cells	McIntire et al. 2024	ok	2026-08-05T19:41:05Z
McIntire_2024/csv_paired/GSM7286914_1_Paired_All.csv.gz	paired	https://opig.stats.ox.ac.uk/webapps/ngsdb/paired/McIntire_2024/csv_paired/GSM7286914_1_Paired_All.csv.gz	csv_paired	McIntire_2024		3302	human	All	Paired	None	Seasonal-influenza-vaccine	no	no	d180	Bone-Marrow	Unsorted-B-Cells	McIntire et al. 2024	ok	2026-08-05T19:41:05Z
McIntire_2024/csv_paired/GSM7286915_1_Paired_All.csv.gz	paired	https://opig.stats.ox.ac.uk/webapps/ngsdb/paired/McIntire_2024/csv_paired/GSM7286915_1_Paired_All.csv.gz	csv_paired	McIntire_2024		4273	human	All	Paired	None	Seasonal-influenza-vaccine	no	no	d28	Bone-Marrow	Unsorted-B-Cells	McIntire et al. 2024	ok	2026-08-05T19:41:05Z
McIntire_2024/csv_paired/GSM7286916_1_Paired_All.csv.gz	paired	https://opig.stats.ox.ac.uk/webapps/ngsdb/paired/McIntire_2024/csv_paired/GSM7286916_1_Paired_All.csv.gz	csv_paired	McIntire_2024		4469	human	All	Paired	None	Seasonal-influenza-vaccine	no	no	d28	Bone-Marrow	Unsorted-B-Cells	McIntire et al. 2024	ok	2026-08-05T19:41:05Z
McIntire_2024/csv_paired/GSM7286917_1_Paired_All.csv.gz	paired	https://opig.stats.ox.ac.uk/webapps/ngsdb/paired/McIntire_2024/csv_paired/GSM7286917_1_Paired_All.csv.gz	csv_paired	McIntire_2024		4210	human	All	Paired	None	Seasonal-influenza-vaccine	no	no	d90	Bone-Marrow	Unsorted-B-Cells	McIntire et al. 2024	ok	2026-08-05T19:41:05Z
McIntire_2024/csv_paired/GSM7286918_1_Paired_All.csv.gz	paired	https://opig.stats.ox.ac.uk/webapps/ngsdb/paired/McIntire_2024/csv_paired/GSM7286918_1_Paired_All.csv.gz	csv_paired	McIntire_2024		4233	human	All	Paired	None	Seasonal-influenza-vaccine	no	no	d90	Bone-Marrow	Unsorted-B-Cells	McIntire et al. 2024	ok	2026-08-05T19:41:05Z
McIntire_2024/csv_paired/GSM7286919_1_Paired_All.csv.gz	paired	https://opig.stats.ox.ac.uk/webapps/ngsdb/paired/McIntire_2024/csv_paired/GSM7286919_1_Paired_All.csv.gz	csv_paired	McIntire_2024		2482	human	All	Paired	None	Seasonal-influenza-vaccine	no	no	d0	Bone-Marrow	Unsorted-B-Cells	McIntire et al. 2024	ok	2026-08-05T19:41:05Z
McIntire_2024/csv_paired/GSM7286920_1_Paired_All.csv.gz	paired	https://opig.stats.ox.ac.uk/webapps/ngsdb/paired/McIntire_2024/csv_paired/GSM7286920_1_Paired_All.csv.gz	csv_paired	McIntire_2024		2109	human	All	Paired	None	Seasonal-influenza-vaccine	no	no	d0	Bone-Marrow	Unsorted-B-Cells	McIntire et al. 2024	ok	2026-08-05T19:41:05Z
McIntire_2024/csv_paired/GSM7286921_1_Paired_All.csv.gz	paired	https://opig.stats.ox.ac.uk/webapps/ngsdb/paired/McIntire_2024/csv_paired/GSM7286921_1_Paired_All.csv.gz	csv_paired	McIntire_2024		2166	human	All	Paired	None	Seasonal-influenza-vaccine	no	no	d28	Bone-Marrow	Unsorted-B-Cells	McIntire et al. 2024	ok	2026-08-05T19:41:05Z
McIntire_2024/csv_paired/GSM7286922_1_Paired_All.csv.gz	paired	https://opig.stats.ox.ac.uk/webapps/ngsdb/paired/McIntire_2024/csv_paired/GSM7286922_1_Paired_All.csv.gz	csv_paired	McIntire_2024		2521	human	All	Paired	None	Seasonal-influenza-vaccine	no	no	d90	Bone-Marrow	Unsorted-B-Cells	McIntire et al. 2024	ok	2026-08-05T19:41:05Z
McIntire_2024/csv_paired/GSM7286923_1_Paired_All.csv.gz	paired	https://opig.stats.ox.ac.uk/webapps/ngsdb/paired/McIntire_2024/csv_paired/GSM7286923_1_Paired_All.csv.gz	csv_paired	McIntire_2024		3113	human	All	Paired	None	Seasonal-influenza-vaccine	no	no	d0	Bone-Marrow	Unsorted-B-Cells	McIntire et al. 2024	ok	2026-08-05T19:41:05Z
McIntire_2024/csv_paired/GSM7286924_1_Paired_All.csv.gz	paired	https://opig.stats.ox.ac.uk/webapps/ngsdb/paired/McIntire_2024/csv_paired/GSM7286924_1_Paired_All.csv.gz	csv_paired	McIntire_2024		3754	human	All	Paired	None	Seasonal-influenza-vaccine	no	no	d0	Bone-Marrow	Unsorted-B-Cells	McIntire et al. 2024	ok	2026-08-05T19:41:05Z
McIntire_2024/csv_paired/GSM7286925_1_Paired_All.csv.gz	paired	https://opig.stats.ox.ac.uk/webapps/ngsdb/paired/McIntire_2024/csv_paired/GSM7286925_1_Paired_All.csv.gz	csv_paired	McIntire_2024		13065	human	All	Paired	None	Seasonal-influenza-vaccine	no	no	d180	Bone-Marrow	Unsorted-B-Cells	McIntire et al. 2024	ok	2026-08-05T19:41:05Z
McIntire_2024/csv_paired/GSM7286926_1_Paired_All.csv.gz	paired	https://opig.stats.ox.ac.uk/webapps/ngsdb/paired/McIntire_2024/csv_paired/GSM7286926_1_Paired_All.csv.gz	csv_paired	McIntire_2024		3538	human	All	Paired	None	Seasonal-influenza-vaccine	no	no	d180	Bone-Marrow	Unsorted-B-Cells	McIntire et al. 2024	ok	2026-08-05T19:41:05Z
McIntire_2024/csv_paired/GSM7286927_1_Paired_All.csv.gz	paired	https://opig.stats.ox.ac.uk/webapps/ngsdb/paired/McIntire_2024/csv_paired/GSM7286927_1_Paired_All.csv.gz	csv_paired	McIntire_2024		1749	human	All	Paired	None	Seasonal-influenza-vaccine	no	no	d35	Bone-Marrow	Unsorted-B-Cells	McIntire et al. 2024	ok	2026-08-05T19:41:05Z
McIntire_2024/csv_paired/GSM7286928_1_Paired_All.csv.gz	paired	https://opig.stats.ox.ac.uk/webapps/ngsdb/paired/McIntire_2024/csv_paired/GSM7286928_1_Paired_All.csv.gz	csv_paired	McIntire_2024		3406	human	All	Paired	None	Seasonal-influenza-vaccine	no	no	d35	Bone-Marrow	Unsorted-B-Cells	McIntire et al. 2024	ok	2026-08-05T19:41:05Z
McIntire_2024/csv_paired/GSM7286929_1_Paired_All.csv.gz	paired	https://opig.stats.ox.ac.uk/webapps/ngsdb/paired/McIntire_2024/csv_paired/GSM7286929_1_Paired_All.csv.gz	csv_paired	McIntire_2024		5282	human	All	Paired	None	Seasonal-influenza-vaccine	no	no	d90	Bone-Marrow	Unsorted-B-Cells	McIntire et al. 2024	ok	2026-08-05T19:41:05Z
McIntire_2024/csv_paired/GSM7286930_1_Paired_All.csv.gz	paired	https://opig.stats.ox.ac.uk/webapps/ngsdb/paired/McIntire_2024/csv_paired/GSM7286930_1_Paired_All.csv.gz	csv_paired	McIntire_2024		3521	human	All	Paired	None	Seasonal-influenza-vaccine	no	no	d90	Bone-Marrow	Unsorted-B-Cells	McIntire et al. 2024	ok	2026-08-05T19:41:05Z
Mor_2021/csv/SRR12875348_1_Paired_All.csv.gz	paired	https://opig.stats.ox.ac.uk/webapps/ngsdb/paired/Mor_2021/csv/SRR12875348_1_Paired_All.csv.gz	csv	Mor_2021		4393	human	All	Paired	SARS-COV-2	None	Patient-10	65	no	PBMC	Unsorted-B-Cells	Mor et al., 2021	ok	2026-08-05T19:41:05Z
Mor_2021/csv/SRR12875349_1_Paired_All.csv.gz	paired	https://opig.stats.ox.ac.uk/webapps/ngsdb/paired/Mor_2021/csv/SRR12875349_1_Paired_All.csv.gz	csv	Mor_2021		4025	human	All	Paired	SARS-COV-2	None	Patient-9	63	no	PBMC	Unsorted-B-Cells	Mor et al., 2021	ok	2026-08-05T19:41:05Z
Mor_2021/csv/SRR12875350_1_Paired_All.csv.gz	paired	https://opig.stats.ox.ac.uk/webapps/ngsdb/paired/Mor_2021/csv/SRR12875350_1_Paired_All.csv.gz	csv	Mor_2021		2946	human	All	Paired	SARS-COV-2	None	Patient-8	56	no	PBMC	Unsorted-B-Cells	Mor et al., 2021	ok	2026-08-05T19:41:05Z
Mor_2021/csv/SRR12875351_1_Paired_All.csv.gz	paired	https://opig.stats.ox.ac.uk/webapps/ngsdb/paired/Mor_2021/csv/SRR12875351_1_Paired_All.csv.gz	csv	Mor_2021		1584	human	All	Paired	SARS-COV-2	None	Patient-7	37	no	PBMC	Unsorted-B-Cells	Mor et al., 2021	ok	2026-08-05T19:41:05Z
Mor_2021/csv/SRR12875352_1_Paired_All.csv.gz	paired	https://opig.stats.ox.ac.uk/webapps/ngsdb/paired/Mor_2021/csv/SRR12875352_1_Paired_All.csv.gz	csv	Mor_2021		1605	human	All	Paired	SARS-COV-2	None	Patient-6	38	no	PBMC	Unsorted-B-Cells	Mor et al., 2021	ok	2026-08-05T19:41:05Z
Mor_2021/csv/SRR12875353_1_Paired_All.csv.gz	paired	https://opig.stats.ox.ac.uk/webapps/ngsdb/paired/Mor_2021/csv/SRR12875353_1_Paired_All.csv.gz	csv	Mor_2021		3574	human	All	Paired	SARS-COV-2	None	Patient-5	26	no	PBMC	Unsorted-B-Cells	Mor et al., 2021	ok	2026-08-05T19:41:05Z
Mor_2021/csv/SRR12875354_1_Paired_All.csv.gz	paired	https://opig.stats.ox.ac.uk/webapps/ngsdb/paired/Mor_2021/csv/SRR12875354_1_Paired_All.csv.gz	csv	Mor_2021		2032	human	All	Paired	SARS-COV-2	None	Patient-4	37	no	PBMC	Unsorted-B-Cells	Mor et al., 2021	ok	2026-08-05T19:41:05Z
Mor_2021/csv/SRR12875355_1_Paired_All.csv.gz	paired	https://opig.stats.ox.ac.uk/webapps/ngsdb/paired/Mor_2021/csv/SRR12875355_1_Paired_All.csv.gz	csv	Mor_2021		1812	human	All	Paired	SARS-COV-2	None	Patient-3	31	no	PBMC	Unsorted-B-Cells	Mor et al., 2021	ok	2026-08-05T19:41:05Z
Mor_2021/csv/SRR12875356_1_Paired_All.csv.gz	paired	https://opig.stats.ox.ac.uk/webapps/ngsdb/paired/Mor_2021/csv/SRR12875356_1_Paired_All.csv.gz	csv	Mor_2021		3105	human	All	Paired	SARS-COV-2	None	Patient-16	50	no	PBMC	Unsorted-B-Cells	Mor et al., 2021	ok	2026-08-05T19:41:05Z
Mor_2021/csv/SRR12875357_1_Paired_All.csv.gz	paired	https://opig.stats.ox.ac.uk/webapps/ngsdb/paired/Mor_2021/csv/SRR12875357_1_Paired_All.csv.gz	csv	Mor_2021		3849	human	All	Paired	SARS-COV-2	None	Patient-15	51	no	PBMC	Unsorted-B-Cells	Mor et al., 2021	ok	2026-08-05T19:41:05Z
Mor_2021/csv/SRR12875358_1_Paired_All.csv.gz	paired	https://opig.stats.ox.ac.uk/webapps/ngsdb/paired/Mor_2021/csv/SRR12875358_1_Paired_All.csv.gz	csv	Mor_2021		4232	human	All	Paired	SARS-COV-2	None	Patient-14	48	no	PBMC	Unsorted-B-Cells	Mor et al., 2021	ok	2026-08-05T19:41:05Z
Mor_2021/csv/SRR12875359_1_Paired_All.csv.gz	paired	https://opig.stats.ox.ac.uk/webapps/ngsdb/paired/Mor_2021/csv/SRR12875359_1_Paired_All.csv.gz	csv	Mor_2021		3482	human	All	Paired	SARS-COV-2	None	Patient-13	62	no	PBMC	Unsorted-B-Cells	Mor et al., 2021	ok	2026-08-05T19:41:05Z
Mor_2021/csv/SRR12875360_1_Paired_All.csv.gz	paired	https://opig.stats.ox.ac.uk/webapps/ngsdb/paired/Mor_2021/csv/SRR12875360_1_Paired_All.csv.gz	csv	Mor_2021		3314	human	All	Paired	SARS-COV-2	None	Patient-12	62	no	PBMC	Unsorted-B-Cells	Mor et al., 2021	ok	2026-08-05T19:41:05Z
Mor_2021/csv/SRR12875361_1_Paired_All.csv.gz	paired	https://opig.stats.ox.ac.uk/webapps/ngsdb/paired/Mor_2021/csv/SRR12875361_1_Paired_All.csv.gz	csv	Mor_2021		4162	human	All	Paired	SARS-COV-2	None	Patient-2	40	no	PBMC	Unsorted-B-Cells	Mor et al., 2021	ok	2026-08-05T19:41:05Z
Mor_2021/csv/SRR12875362_1_Paired_All.csv.gz	paired	https://opig.stats.ox.ac.uk/webapps/ngsdb/paired/Mor_2021/csv/SRR12875362_1_Paired_All.csv.gz	csv	Mor_2021		3340	human	All	Paired	SARS-COV-2	None	Patient-1	41	no	PBMC	Unsorted-B-Cells	Mor et al., 2021	ok	2026-08-05T19:41:05Z
Ota_2024/csv_paired/SRR20210850_1_Paired_All.csv.gz	paired	https://opig.stats.ox.ac.uk/webapps/ngsdb/paired/Ota_2024/csv_paired/SRR20210850_1_Paired_All.csv.gz	csv_paired	Ota_2024		7534	human	All	Paired	Peanut allergy	None	no	Children (median age 10)	no	PBMC	Memory B cells	Ota et al. 2024	ok	2026-08-05T19:41:05Z
Ota_2024/csv_paired/SRR20210851_1_Paired_All.csv.gz	paired	https://opig.stats.ox.ac.uk/webapps/ngsdb/paired/Ota_2024/csv_paired/SRR20210851_1_Paired_All.csv.gz	csv_paired	Ota_2024		7596	human	All	Paired	Peanut allergy	None	no	Children (median age 10)	no	PBMC	Memory B cells	Ota et al. 2024	ok	2026-08-05T19:41:05Z
Ota_2024/csv_paired/SRR20210852_1_Paired_All.csv.gz	paired	https://opig.stats.ox.ac.uk/webapps/ngsdb/paired/Ota_2024/csv_paired/SRR20210852_1_Paired_All.csv.gz	csv_paired	Ota_2024		4661	human	All	Paired	Peanut allergy	None	no	Children (median age 10)	no	PBMC	Memory B cells	Ota et al. 2024	ok	2026-08-05T19:41:05Z
Ota_2024/csv_paired/SRR20210853_1_Paired_All.csv.gz	paired	https://opig.stats.ox.ac.uk/webapps/ngsdb/paired/Ota_2024/csv_paired/SRR20210853_1_Paired_All.csv.gz	csv_paired	Ota_2024		4596	human	All	Paired	Peanut allergy	None	no	Children (median age 10)	no	PBMC	Memory B cells	Ota et al. 2024	ok	2026-08-05T19:41:05Z
Ota_2024/csv_paired/SRR20210854_1_Paired_All.csv.gz	paired	https://opig.stats.ox.ac.uk/webapps/ngsdb/paired/Ota_2024/csv_paired/SRR20210854_1_Paired_All.csv.gz	csv_paired	Ota_2024		5874	human	All	Paired	Peanut allergy	None	no	Children (median age 10)	no	PBMC	Memory B cells	Ota et al. 2024	ok	2026-08-05T19:41:05Z
Ota_2024/csv_paired/SRR20210855_1_Paired_All.csv.gz	paired	https://opig.stats.ox.ac.uk/webapps/ngsdb/paired/Ota_2024/csv_paired/SRR20210855_1_Paired_All.csv.gz	csv_paired	Ota_2024		5783	human	All	Paired	Peanut allergy	None	no	Children (median age 10)	no	PBMC	Memory B cells	Ota et al. 2024	ok	2026-08-05T19:41:05Z
Phad_2022/csv_paired/1_S1__1_Paired_All.csv.gz	paired	https://opig.stats.ox.ac.uk/webapps/ngsdb/paired/Phad_2022/csv_paired/1_S1__1_Paired_All.csv.gz	csv_paired	Phad_2022		4668	human	All	Paired	None	None	Donor-2	no	Jul-Year-2020	PBMC	Plasma-B-Cells	Phad et al., 2022	ok	2026-08-05T19:41:05Z
Phad_2022/csv_paired/1a_S1__1_Paired_All.csv.gz	paired	https://opig.stats.ox.ac.uk/webapps/ngsdb/paired/Phad_2022/csv_paired/1a_S1__1_Paired_All.csv.gz	csv_paired	Phad_2022		6640	human	All	Paired	None	None	Donor-2	no	Year-2014	PBMC	Memory-B-Cells	Phad et al., 2022	ok	2026-08-05T19:41:05Z
Phad_2022/csv_paired/1a_S1mod2_S1__1_Paired_All.csv.gz	paired	https://opig.stats.ox.ac.uk/webapps/ngsdb/paired/Phad_2022/csv_paired/1a_S1mod2_S1__1_Paired_All.csv.gz	csv_paired	Phad_2022		2287	human	All	Paired	None	None	Donor-2	no	May-Year-2020	PBMC	Plasma-B-Cells	Phad et al., 2022	ok	2026-08-05T19:41:05Z
Phad_2022/csv_paired/1a_S1mod_S1__1_Paired_All.csv.gz	paired	https://opig.stats.ox.ac.uk/webapps/ngsdb/paired/Phad_2022/csv_paired/1a_S1mod_S1__1_Paired_All.csv.gz	csv_paired	Phad_2022		1475	human	All	Paired	None	None	Donor-1	no	Year-2020	PBMC	Plasma-B-Cells	Phad et al., 2022	ok	2026-08-05T19:41:05Z
Phad_2022/csv_paired/1b_S2__1_Paired_All.csv.gz	paired	https://opig.stats.ox.ac.uk/webapps/ngsdb/paired/Phad_2022/csv_paired/1b_S2__1_Paired_All.csv.gz	csv_paired	Phad_2022		6828	human	All	Paired	None	None	Donor-2	no	Year-2014	PBMC	Memory-B-Cells	Phad et al., 2022	ok	2026-08-05T19:41:05Z
Phad_2022/csv_paired/1b_S2mod2_S1__1_Paired_All.csv.gz	paired	https://opig.stats.ox.ac.uk/webapps/ngsdb/paired/Phad_2022/csv_paired/1b_S2mod2_S1__1_Paired_All.csv.gz	csv_paired	Phad_2022		2391	human	All	Paired	None	None	Donor-2	no	May-Year-2020	PBMC	Plasma-B-Cells	Phad et al., 2022	ok	2026-08-05T19:41:05Z
Phad_2022/csv_paired/1b_S2mod_S1__1_Paired_All.csv.gz	paired	https://opig.stats.ox.ac.uk/webapps/ngsdb/paired/Phad_2022/csv_paired/1b_S2mod_S1__1_Paired_All.csv.gz	csv_paired	Phad_2022		2471	human	All	Paired	None	None	Donor-1	no	Year-2020	PBMC	Plasma-B-Cells	Phad et al., 2022	ok	2026-08-05T19:41:05Z
Phad_2022/csv_paired/1c_S3__1_Paired_All.csv.gz	paired	https://opig.stats.ox.ac.uk/webapps/ngsdb/paired/Phad_2022/csv_paired/1c_S3__1_Paired_All.csv.gz	csv_paired	Phad_2022		7567	human	All	Paired	None	None	Donor-2	no	Year-2014	PBMC	Memory-B-Cells	Phad et al., 2022	ok	2026-08-05T19:41:05Z
Phad_2022/csv_paired/1c_S3mod_S1__1_Paired_All.csv.gz	paired	https://opig.stats.ox.ac.uk/webapps/ngsdb/paired/Phad_2022/csv_paired/1c_S3mod_S1__1_Paired_All.csv.gz	csv_paired	Phad_2022		3670	human	All	Paired	None	None	Donor-1	no	Year-2020	PBMC	Plasma-B-Cells	Phad et al., 2022	ok	2026-08-05T19:41:05Z
Phad_2022/csv_paired/1d_S4__1_Paired_All.csv.gz	paired	https://opig.stats.ox.ac.uk/webapps/ngsdb/paired/Phad_2022/csv_paired/1d_S4__1_Paired_All.csv.gz	csv_paired	Phad_2022		8415	human	All	Paired	None	None	Donor-2	no	Year-2014	PBMC	Memory-B-Cells	Phad et al., 2022	ok	2026-08-05T19:41:05Z
Phad_2022/csv_paired/1d_S4mod_S1__1_Paired_All.csv.gz	paired	https://opig.stats.ox.ac.uk/webapps/ngsdb/paired/Phad_2022/csv_paired/1d_S4mod_S1__1_Paired_All.csv.gz	csv_paired	Phad_2022		4115	human	All	Paired	None	None	Donor-1	no	Year-2020	PBMC	Plasma-B-Cells	Phad et al., 2022	ok	2026-08-05T19:41:05Z
Phad_2022/csv_paired/1e_S5__1_Paired_All.csv.gz	paired	https://opig.stats.ox.ac.uk/webapps/ngsdb/paired/Phad_2022/csv_paired/1e_S5__1_Paired_All.csv.gz	csv_paired	Phad_2022		8478	human	All	Paired	None	None	Donor-2	no	Year-2014	PBMC	Memory-B-Cells	Phad et al., 2022	ok	2026-08-05T19:41:05Z
Phad_2022/csv_paired/1e_S5pc__1_Paired_All.csv.gz	paired	https://opig.stats.ox.ac.uk/webapps/ngsdb/paired/Phad_2022/csv_paired/1e_S5pc__1_Paired_All.csv.gz	csv_paired	Phad_2022		1218	human	All	Paired	None	None	Donor-1	no	Year-2020	PBMC	Plasma-B-Cells	Phad et al., 2022	ok	2026-08-05T19:41:05Z
Phad_2022/csv_paired/1f_S6__1_Paired_All.csv.gz	paired	https://opig.stats.ox.ac.uk/webapps/ngsdb/paired/Phad_2022/csv_paired/1f_S6__1_Paired_All.csv.gz	csv_paired	Phad_2022		7628	human	All	Paired	None	None	Donor-2	no	Year-2014	PBMC	Memory-B-Cells	Phad et al., 2022	ok	2026-08-05T19:41:05Z
Phad_2022/csv_paired/2_S2__1_Paired_All.csv.gz	paired	https://opig.stats.ox.ac.uk/webapps/ngsdb/paired/Phad_2022/csv_paired/2_S2__1_Paired_All.csv.gz	csv_paired	Phad_2022		5060	human	All	Paired	None	None	Donor-2	no	Jul-Year-2020	PBMC	Plasma-B-Cells	Phad et al., 2022	ok	2026-08-05T19:41:05Z
Phad_2022/csv_paired/2_S7__1_Paired_All.csv.gz	paired	https://opig.stats.ox.ac.uk/webapps/ngsdb/paired/Phad_2022/csv_paired/2_S7__1_Paired_All.csv.gz	csv_paired	Phad_2022		1068	human	All	Paired	None	None	Donor-2	no	Year-2014	PBMC	Plasma-B-Cells	Phad et al., 2022	ok	2026-08-05T19:41:05Z
Phad_2022/csv_paired/2a_S3__1_Paired_All.csv.gz	paired	https://opig.stats.ox.ac.uk/webapps/ngsdb/paired/Phad_2022/csv_paired/2a_S3__1_Paired_All.csv.gz	csv_paired	Phad_2022		1218	human	All	Paired	None	None	Donor-2	no	May-Year-2020	PBMC	Plasma-B-Cells	Phad et al., 2022	ok	2026-08-05T19:41:05Z
Phad_2022/csv_paired/2a_S6__1_Paired_All.csv.gz	paired	https://opig.stats.ox.ac.uk/webapps/ngsdb/paired/Phad_2022/csv_paired/2a_S6__1_Paired_All.csv.gz	csv_paired	Phad_2022		4748	human	All	Paired	None	None	Donor-1	no	Year-2020	PBMC	Memory-B-Cells	Phad et al., 2022	ok	2026-08-05T19:41:05Z
Phad_2022/csv_paired/2b_S7__1_Paired_All.csv.gz	paired	https://opig.stats.ox.ac.uk/webapps/ngsdb/paired/Phad_2022/csv_paired/2b_S7__1_Paired_All.csv.gz	csv_paired	Phad_2022		4846	human	All	Paired	None	None	Donor-1	no	Year-2020	PBMC	Memory-B-Cells	Phad et al., 2022	ok	2026-08-05T19:41:05Z
Phad_2022/csv_paired/2c_S8__1_Paired_All.csv.gz	paired	https://opig.stats.ox.ac.uk/webapps/ngsdb/paired/Phad_2022/csv_paired/2c_S8__1_Paired_All.csv.gz	csv_paired	Phad_2022		5104	human	All	Paired	None	None	Donor-1	no	Year-2020	PBMC	Memory-B-Cells	Phad et al., 2022	ok	2026-08-05T19:41:05Z
Phad_2022/csv_paired/3a_S3__1_Paired_All.csv.gz	paired	https://opig.stats.ox.ac.uk/webapps/ngsdb/paired/Phad_2022/csv_paired/3a_S3__1_Paired_All.csv.gz	csv_paired	Phad_2022		7437	human	All	Paired	None	None	Donor-2	no	Jul-Year-2020	PBMC	Memory-B-Cells	Phad et al., 2022	ok	2026-08-05T19:41:05Z
Phad_2022/csv_paired/3a_S4__1_Paired_All.csv.gz	paired	https://opig.stats.ox.ac.uk/webapps/ngsdb/paired/Phad_2022/csv_paired/3a_S4__1_Paired_All.csv.gz	csv_paired	Phad_2022		6269	human	All	Paired	None	None	Donor-2	no	May-Year-2020	PBMC	Memory-B-Cells	Phad et al., 2022	ok	2026-08-05T19:41:05Z
Phad_2022/csv_paired/3b_S4__1_Paired_All.csv.gz	paired	https://opig.stats.ox.ac.uk/webapps/ngsdb/paired/Phad_2022/csv_paired/3b_S4__1_Paired_All.csv.gz	csv_paired	Phad_2022		7279	human	All	Paired	None	None	Donor-2	no	Jul-Year-2020	PBMC	Memory-B-Cells	Phad et al., 2022	ok	2026-08-05T19:41:05Z
Phad_2022/csv_paired/3b_S5__1_Paired_All.csv.gz	paired	https://opig.stats.ox.ac.uk/webapps/ngsdb/paired/Phad_2022/csv_paired/3b_S5__1_Paired_All.csv.gz	csv_paired	Phad_2022		5988	human	All	Paired	None	None	Donor-2	no	May-Year-2020	PBMC	Memory-B-Cells	Phad et al., 2022	ok	2026-08-05T19:41:05Z
Phad_2022/csv_paired/3c_S5__1_Paired_All.csv.gz	paired	https://opig.stats.ox.ac.uk/webapps/ngsdb/paired/Phad_2022/csv_paired/3c_S5__1_Paired_All.csv.gz	csv_paired	Phad_2022		7179	human	All	Paired	None	None	Donor-2	no	Jul-Year-2020	PBMC	Memory-B-Cells	Phad et al., 2022	ok	2026-08-05T19:41:05Z
Phad_2022/csv_paired/3c_S6__1_Paired_All.csv.gz	paired	https://opig.stats.ox.ac.uk/webapps/ngsdb/paired/Phad_2022/csv_paired/3c_S6__1_Paired_All.csv.gz	csv_paired	Phad_2022		5819	human	All	Paired	None	None	Donor-2	no	May-Year-2020	PBMC	Memory-B-Cells	Phad et al., 2022	ok	2026-08-05T19:41:05Z
Phad_2022/csv_paired/3d_S6__1_Paired_All.csv.gz	paired	https://opig.stats.ox.ac.uk/webapps/ngsdb/paired/Phad_2022/csv_paired/3d_S6__1_Paired_All.csv.gz	csv_paired	Phad_2022		7464	human	All	Paired	None	None	Donor-2	no	Jul-Year-2020	PBMC	Memory-B-Cells	Phad et al., 2022	ok	2026-08-05T19:41:05Z
Phad_2022/csv_paired/3d_S7__1_Paired_All.csv.gz	paired	https://opig.stats.ox.ac.uk/webapps/ngsdb/paired/Phad_2022/csv_paired/3d_S7__1_Paired_All.csv.gz	csv_paired	Phad_2022		5839	human	All	Paired	None	None	Donor-2	no	May-Year-2020	PBMC	Memory-B-Cells	Phad et al., 2022	ok	2026-08-05T19:41:05Z
Phad_2022/csv_paired/3e_S7__1_Paired_All.csv.gz	paired	https://opig.stats.ox.ac.uk/webapps/ngsdb/paired/Phad_2022/csv_paired/3e_S7__1_Paired_All.csv.gz	csv_paired	Phad_2022		6662	human	All	Paired	None	None	Donor-2	no	Jul-Year-2020	PBMC	Memory-B-Cells	Phad et al., 2022	ok	2026-08-05T19:41:05Z
Phad_2022/csv_paired/3e_S8__1_Paired_All.csv.gz	paired	https://opig.stats.ox.ac.uk/webapps/ngsdb/paired/Phad_2022/csv_paired/3e_S8__1_Paired_All.csv.gz	csv_paired	Phad_2022		4721	human	All	Paired	None	None	Donor-2	no	May-Year-2020	PBMC	Memory-B-Cells	Phad et al., 2022	ok	2026-08-05T19:41:05Z
Phad_2022/csv_paired/AT6md_S1__1_Paired_All.csv.gz	paired	https://opig.stats.ox.ac.uk/webapps/ngsdb/paired/Phad_2022/csv_paired/AT6md_S1__1_Paired_All.csv.gz	csv_paired	Phad_2022		4288	human	All	Paired	None	None	Donor-1	no	Year-2020	PBMC	Memory-B-Cells	Phad et al., 2022	ok	2026-08-05T19:41:05Z
Phad_2022/csv_paired/AT6me_S2__1_Paired_All.csv.gz	paired	https://opig.stats.ox.ac.uk/webapps/ngsdb/paired/Phad_2022/csv_paired/AT6me_S2__1_Paired_All.csv.gz	csv_paired	Phad_2022		4012	human	All	Paired	None	None	Donor-1	no	Year-2020	PBMC	Memory-B-Cells	Phad et al., 2022	ok	2026-08-05T19:41:05Z
Phad_2022/csv_paired/AT6p2a_S3__1_Paired_All.csv.gz	paired	https://opig.stats.ox.ac.uk/webapps/ngsdb/paired/Phad_2022/csv_paired/AT6p2a_S3__1_Paired_All.csv.gz	csv_paired	Phad_2022		2671	human	All	Paired	None	None	Donor-1	no	Year-2020	PBMC	Plasma-B-Cells	Phad et al., 2022	ok	2026-08-05T19:41:05Z
Phad_2022/csv_paired/AT6p2b_S4__1_Paired_All.csv.gz	paired	https://opig.stats.ox.ac.uk/webapps/ngsdb/paired/Phad_2022/csv_paired/AT6p2b_S4__1_Paired_All.csv.gz	csv_paired	Phad_2022		2066	human	All	Paired	None	None	Donor-1	no	Year-2020	PBMC	Plasma-B-Cells	Phad et al., 2022	ok	2026-08-05T19:41:05Z
Phad_2022/csv_paired/AT6p2c_S5__1_Paired_All.csv.gz	paired	https://opig.stats.ox.ac.uk/webapps/ngsdb/paired/Phad_2022/csv_paired/AT6p2c_S5__1_Paired_All.csv.gz	csv_paired	Phad_2022		3878	human	All	Paired	None	None	Donor-1	no	Year-2020	PBMC	Plasma-B-Cells	Phad et al., 2022	ok	2026-08-05T19:41:05Z
Phad_2022/csv_paired/AT7ma_S7__1_Paired_All.csv.gz	paired	https://opig.stats.ox.ac.uk/webapps/ngsdb/paired/Phad_2022/csv_paired/AT7ma_S7__1_Paired_All.csv.gz	csv_paired	Phad_2022		4271	human	All	Paired	None	None	Donor-1	no	Year-2010	PBMC	Memory-B-Cells	Phad et al., 2022	ok	2026-08-05T19:41:05Z
Phad_2022/csv_paired/AT7mb_S1__1_Paired_All.csv.gz	paired	https://opig.stats.ox.ac.uk/webapps/ngsdb/paired/Phad_2022/csv_paired/AT7mb_S1__1_Paired_All.csv.gz	csv_paired	Phad_2022		7171	human	All	Paired	None	None	Donor-1	no	Year-2010	PBMC	Memory-B-Cells	Phad et al., 2022	ok	2026-08-05T19:41:05Z
Phad_2022/csv_paired/AT7mc_S2__1_Paired_All.csv.gz	paired	https://opig.stats.ox.ac.uk/webapps/ngsdb/paired/Phad_2022/csv_paired/AT7mc_S2__1_Paired_All.csv.gz	csv_paired	Phad_2022		6522	human	All	Paired	None	None	Donor-1	no	Year-2010	PBMC	Memory-B-Cells	Phad et al., 2022	ok	2026-08-05T19:41:05Z
Phad_2022/csv_paired/AT7md_S3__1_Paired_All.csv.gz	paired	https://opig.stats.ox.ac.uk/webapps/ngsdb/paired/Phad_2022/csv_paired/AT7md_S3__1_Paired_All.csv.gz	csv_paired	Phad_2022		6563	human	All	Paired	None	None	Donor-1	no	Year-2010	PBMC	Memory-B-Cells	Phad et al., 2022	ok	2026-08-05T19:41:05Z
Phad_2022/csv_paired/AT7me_S4__1_Paired_All.csv.gz	paired	https://opig.stats.ox.ac.uk/webapps/ngsdb/paired/Phad_2022/csv_paired/AT7me_S4__1_Paired_All.csv.gz	csv_paired	Phad_2022		5704	human	All	Paired	None	None	Donor-1	no	Year-2010	PBMC	Memory-B-Cells	Phad et al., 2022	ok	2026-08-05T19:41:05Z
Phad_2022/csv_paired/BT4p1_S1__1_Paired_All.csv.gz	paired	https://opig.stats.ox.ac.uk/webapps/ngsdb/paired/Phad_2022/csv_paired/BT4p1_S1__1_Paired_All.csv.gz	csv_paired	Phad_2022		3337	human	All	Paired	None	None	Donor-2	no	Nov-Year-2020	PBMC	Plasma-B-Cells	Phad et al., 2022	ok	2026-08-05T19:41:05Z
Phad_2022/csv_paired/BT4p2_S2__1_Paired_All.csv.gz	paired	https://opig.stats.ox.ac.uk/webapps/ngsdb/paired/Phad_2022/csv_paired/BT4p2_S2__1_Paired_All.csv.gz	csv_paired	Phad_2022		21	human	All	Paired	None	None	Donor-2	no	Nov-Year-2020	PBMC	Plasma-B-Cells	Phad et al., 2022	ok	2026-08-05T19:41:05Z
Ramesh_2020/csv_paired/SRR12483427_1_Paired_All.csv.gz	paired	https://opig.stats.ox.ac.uk/webapps/ngsdb/paired/Ramesh_2020/csv_paired/SRR12483427_1_Paired_All.csv.gz	csv_paired	Ramesh_2020		8	human	All	Paired	Multiple-sclerosis	None	None	41.0	None	CSF	Unsorted-B-Cells	Ramesh et al, 2020	ok	2026-08-05T19:41:05Z
Ramesh_2020/csv_paired/SRR12483428_1_Paired_All.csv.gz	paired	https://opig.stats.ox.ac.uk/webapps/ngsdb/paired/Ramesh_2020/csv_paired/SRR12483428_1_Paired_All.csv.gz	csv_paired	Ramesh_2020		98	human	All	Paired	Multiple-sclerosis	None	None	53.0	None	CSF	Unsorted-B-Cells	Ramesh et al, 2020	ok	2026-08-05T19:41:05Z
Ramesh_2020/csv_paired/SRR12483429_1_Paired_All.csv.gz	paired	https://opig.stats.ox.ac.uk/webapps/ngsdb/paired/Ramesh_2020/csv_paired/SRR12483429_1_Paired_All.csv.gz	csv_paired	Ramesh_2020		9	human	All	Paired	Multiple-sclerosis	None	None	41.0	None	CSF	Unsorted-B-Cells	Ramesh et al, 2020	ok	2026-08-05T19:41:05Z
Ramesh_2020/csv_paired/SRR12483430_1_Paired_All.csv.gz	paired	https://opig.stats.ox.ac.uk/webapps/ngsdb/paired/Ramesh_2020/csv_paired/SRR12483430_1_Paired_All.csv.gz	csv_paired	Ramesh_2020		100	human	All	Paired	Multiple-sclerosis	None	None	53.0	None	CSF	Unsorted-B-Cells	Ramesh et al, 2020	ok	2026-08-05T19:41:05Z
Ramesh_2020/csv_paired/SRR12483431_1_Paired_All.csv.gz	paired	https://opig.stats.ox.ac.uk/webapps/ngsdb/paired/Ramesh_2020/csv_paired/SRR12483431_1_Paired_All.csv.gz	csv_paired	Ramesh_2020		69	human	All	Paired	Multiple-sclerosis	None	None	54.0	None	CSF	Unsorted-B-Cells	Ramesh et al, 2020	ok	2026-08-05T19:41:05Z
Ramesh_2020/csv_paired/SRR12483433_1_Paired_All.csv.gz	paired	https://opig.stats.ox.ac.uk/webapps/ngsdb/paired/Ramesh_2020/csv_paired/SRR12483433_1_Paired_All.csv.gz	csv_paired	Ramesh_2020		51	human	All	Paired	Multiple-sclerosis	None	None	50.0	None	CSF	Unsorted-B-Cells	Ramesh et al, 2020	ok	2026-08-05T19:41:05Z
Ramesh_2020/csv_paired/SRR12483434_1_Paired_All.csv.gz	paired	https://opig.stats.ox.ac.uk/webapps/ngsdb/paired/Ramesh_2020/csv_paired/SRR12483434_1_Paired_All.csv.gz	csv_paired	Ramesh_2020		5	human	All	Paired	Multiple-sclerosis	None	None	32.0	None	CSF	Unsorted-B-Cells	Ramesh et al, 2020	ok	2026-08-05T19:41:05Z
Ramesh_2020/csv_paired/SRR12483435_1_Paired_All.csv.gz	paired	https://opig.stats.ox.ac.uk/webapps/ngsdb/paired/Ramesh_2020/csv_paired/SRR12483435_1_Paired_All.csv.gz	csv_paired	Ramesh_2020		52	human	All	Paired	Multiple-sclerosis	None	None	42.0	None	CSF	Unsorted-B-Cells	Ramesh et al, 2020	ok	2026-08-05T19:41:05Z
Ramesh_2020/csv_paired/SRR12483436_1_Paired_All.csv.gz	paired	https://opig.stats.ox.ac.uk/webapps/ngsdb/paired/Ramesh_2020/csv_paired/SRR12483436_1_Paired_All.csv.gz	csv_paired	Ramesh_2020		19	human	All	Paired	Multiple-sclerosis	None	None	35.0	None	CSF	Unsorted-B-Cells	Ramesh et al, 2020	ok	2026-08-05T19:41:05Z
Ramesh_2020/csv_paired/SRR12483437_1_Paired_All.csv.gz	paired	https://opig.stats.ox.ac.uk/webapps/ngsdb/paired/Ramesh_2020/csv_paired/SRR12483437_1_Paired_All.csv.gz	csv_paired	Ramesh_2020		50	human	All	Paired	Multiple-sclerosis	None	None	21.0	None	CSF	Unsorted-B-Cells	Ramesh et al, 2020	ok	2026-08-05T19:41:05Z
Ramesh_2020/csv_paired/SRR12483438_1_Paired_All.csv.gz	paired	https://opig.stats.ox.ac.uk/webapps/ngsdb/paired/Ramesh_2020/csv_paired/SRR12483438_1_Paired_All.csv.gz	csv_paired	Ramesh_2020		154	human	All	Paired	Multiple-sclerosis	None	None	32.0	None	CSF	Unsorted-B-Cells	Ramesh et al, 2020	ok	2026-08-05T19:41:05Z
Ramesh_2020/csv_paired/SRR12483439_1_Paired_All.csv.gz	paired	https://opig.stats.ox.ac.uk/webapps/ngsdb/paired/Ramesh_2020/csv_paired/SRR12483439_1_Paired_All.csv.gz	csv_paired	Ramesh_2020		175	human	All	Paired	Multiple-sclerosis	None	None	27.0	None	CSF	Unsorted-B-Cells	Ramesh et al, 2020	ok	2026-08-05T19:41:05Z
Ramesh_2020/csv_paired/SRR12483440_1_Paired_All.csv.gz	paired	https://opig.stats.ox.ac.uk/webapps/ngsdb/paired/Ramesh_2020/csv_paired/SRR12483440_1_Paired_All.csv.gz	csv_paired	Ramesh_2020		99	human	All	Paired	Multiple-sclerosis	None	None	32.0	None	CSF	Unsorted-B-Cells	Ramesh et al, 2020	ok	2026-08-05T19:41:05Z
Ramesh_2020/csv_paired/SRR12483441_1_Paired_All.csv.gz	paired	https://opig.stats.ox.ac.uk/webapps/ngsdb/paired/Ramesh_2020/csv_paired/SRR12483441_1_Paired_All.csv.gz	csv_paired	Ramesh_2020		38	human	All	Paired	Multiple-sclerosis	None	None	37.0	None	CSF	Unsorted-B-Cells	Ramesh et al, 2020	ok	2026-08-05T19:41:05Z
Ramesh_2020/csv_paired/SRR12483442_1_Paired_All.csv.gz	paired	https://opig.stats.ox.ac.uk/webapps/ngsdb/paired/Ramesh_2020/csv_paired/SRR12483442_1_Paired_All.csv.gz	csv_paired	Ramesh_2020		98	human	All	Paired	Multiple-sclerosis	None	None	44.0	None	CSF	Unsorted-B-Cells	Ramesh et al, 2020	ok	2026-08-05T19:41:05Z
Ramesh_2020/csv_paired/SRR12483444_1_Paired_All.csv.gz	paired	https://opig.stats.ox.ac.uk/webapps/ngsdb/paired/Ramesh_2020/csv_paired/SRR12483444_1_Paired_All.csv.gz	csv_paired	Ramesh_2020		1099	human	All	Paired	Multiple-sclerosis	None	None	32.0	None	PBMC	Unsorted-B-Cells	Ramesh et al, 2020	ok	2026-08-05T19:41:05Z
Ramesh_2020/csv_paired/SRR12483445_1_Paired_All.csv.gz	paired	https://opig.stats.ox.ac.uk/webapps/ngsdb/paired/Ramesh_2020/csv_paired/SRR12483445_1_Paired_All.csv.gz	csv_paired	Ramesh_2020		378	human	All	Paired	Multiple-sclerosis	None	None	37.0	None	PBMC	Unsorted-B-Cells	Ramesh et al, 2020	ok	2026-08-05T19:41:05Z
Ramesh_2020/csv_paired/SRR12483446_1_Paired_All.csv.gz	paired	https://opig.stats.ox.ac.uk/webapps/ngsdb/paired/Ramesh_2020/csv_paired/SRR12483446_1_Paired_All.csv.gz	csv_paired	Ramesh_2020		717	human	All	Paired	Multiple-sclerosis	None	None	44.0	None	PBMC	Unsorted-B-Cells	Ramesh et al, 2020	ok	2026-08-05T19:41:05Z
Ramesh_2020/csv_paired/SRR12483448_1_Paired_All.csv.gz	paired	https://opig.stats.ox.ac.uk/webapps/ngsdb/paired/Ramesh_2020/csv_paired/SRR12483448_1_Paired_All.csv.gz	csv_paired	Ramesh_2020		1483	human	All	Paired	Multiple-sclerosis	None	None	72.0	None	PBMC	Unsorted-B-Cells	Ramesh et al, 2020	ok	2026-08-05T19:41:05Z
Ramesh_2020/csv_paired/SRR12483449_1_Paired_All.csv.gz	paired	https://opig.stats.ox.ac.uk/webapps/ngsdb/paired/Ramesh_2020/csv_paired/SRR12483449_1_Paired_All.csv.gz	csv_paired	Ramesh_2020		169	human	All	Paired	Multiple-sclerosis	None	None	47.0	None	PBMC	Unsorted-B-Cells	Ramesh et al, 2020	ok	2026-08-05T19:41:05Z
Ramesh_2020/csv_paired/SRR12483450_1_Paired_All.csv.gz	paired	https://opig.stats.ox.ac.uk/webapps/ngsdb/paired/Ramesh_2020/csv_paired/SRR12483450_1_Paired_All.csv.gz	csv_paired	Ramesh_2020		387	human	All	Paired	Multiple-sclerosis	None	None	27.0	None	PBMC	Unsorted-B-Cells	Ramesh et al, 2020	ok	2026-08-05T19:41:05Z
Ramesh_2020/csv_paired/SRR12483451_1_Paired_All.csv.gz	paired	https://opig.stats.ox.ac.uk/webapps/ngsdb/paired/Ramesh_2020/csv_paired/SRR12483451_1_Paired_All.csv.gz	csv_paired	Ramesh_2020		536	human	All	Paired	Multiple-sclerosis	None	None	33.0	None	PBMC	Unsorted-B-Cells	Ramesh et al, 2020	ok	2026-08-05T19:41:05Z
Ramesh_2020/csv_paired/SRR12483452_1_Paired_All.csv.gz	paired	https://opig.stats.ox.ac.uk/webapps/ngsdb/paired/Ramesh_2020/csv_paired/SRR12483452_1_Paired_All.csv.gz	csv_paired	Ramesh_2020		409	human	All	Paired	Multiple-sclerosis	None	None	43.0	None	PBMC	Unsorted-B-Cells	Ramesh et al, 2020	ok	2026-08-05T19:41:05Z
Ramesh_2020/csv_paired/SRR12483468_1_Paired_All.csv.gz	paired	https://opig.stats.ox.ac.uk/webapps/ngsdb/paired/Ramesh_2020/csv_paired/SRR12483468_1_Paired_All.csv.gz	csv_paired	Ramesh_2020		14	human	All	Paired	Multiple-sclerosis	None	None	43.0	None	CSF	Unsorted-B-Cells	Ramesh et al, 2020	ok	2026-08-05T19:41:05Z
Ramesh_2020/csv_paired/SRR12483469_1_Paired_All.csv.gz	paired	https://opig.stats.ox.ac.uk/webapps/ngsdb/paired/Ramesh_2020/csv_paired/SRR12483469_1_Paired_All.csv.gz	csv_paired	Ramesh_2020		8	human	All	Paired	Multiple-sclerosis	None	None	43.0	None	CSF	Unsorted-B-Cells	Ramesh et al, 2020	ok	2026-08-05T19:41:05Z
Ramesh_2020/csv_paired/SRR12483476_1_Paired_All.csv.gz	paired	https://opig.stats.ox.ac.uk/webapps/ngsdb/paired/Ramesh_2020/csv_paired/SRR12483476_1_Paired_All.csv.gz	csv_paired	Ramesh_2020		4303	human	All	Paired	Multiple-sclerosis	None	None	41.0	None	PBMC	CD27-memory-and-Plasmablast/Plasma-B-Cells	Ramesh et al, 2020	ok	2026-08-05T19:41:05Z
Ramesh_2020/csv_paired/SRR12483477_1_Paired_All.csv.gz	paired	https://opig.stats.ox.ac.uk/webapps/ngsdb/paired/Ramesh_2020/csv_paired/SRR12483477_1_Paired_All.csv.gz	csv_paired	Ramesh_2020		532	human	All	Paired	Multiple-sclerosis	None	None	50.0	None	PBMC	Plasmablast/Plasma-B-Cells	Ramesh et al, 2020	ok	2026-08-05T19:41:05Z
Ramesh_2020/csv_paired/SRR12483478_1_Paired_All.csv.gz	paired	https://opig.stats.ox.ac.uk/webapps/ngsdb/paired/Ramesh_2020/csv_paired/SRR12483478_1_Paired_All.csv.gz	csv_paired	Ramesh_2020		5269	human	All	Paired	Multiple-sclerosis	None	None	45.0	None	PBMC	CD27-memory-and-Plasmablast/Plasma-B-Cells	Ramesh et al, 2020	ok	2026-08-05T19:41:05Z
Ramesh_2020/csv_paired/SRR12483479_1_Paired_All.csv.gz	paired	https://opig.stats.ox.ac.uk/webapps/ngsdb/paired/Ramesh_2020/csv_paired/SRR12483479_1_Paired_All.csv.gz	csv_paired	Ramesh_2020		4109	human	All	Paired	Multiple-sclerosis	None	None	32.0	None	PBMC	CD27-memory-and-Plasmablast/Plasma-B-Cells	Ramesh et al, 2020	ok	2026-08-05T19:41:05Z
Ramesh_2020/csv_paired/SRR12483481_1_Paired_All.csv.gz	paired	https://opig.stats.ox.ac.uk/webapps/ngsdb/paired/Ramesh_2020/csv_paired/SRR12483481_1_Paired_All.csv.gz	csv_paired	Ramesh_2020		853	human	All	Paired	Multiple-sclerosis	None	None	72.0	None	PBMC	Memory-B-Cells	Ramesh et al, 2020	ok	2026-08-05T19:41:05Z
Ramesh_2020/csv_paired/SRR12483482_1_Paired_All.csv.gz	paired	https://opig.stats.ox.ac.uk/webapps/ngsdb/paired/Ramesh_2020/csv_paired/SRR12483482_1_Paired_All.csv.gz	csv_paired	Ramesh_2020		10708	human	All	Paired	Multiple-sclerosis	None	None	27.0	None	PBMC	CD27-memory-and-Plasmablast/Plasma-B-Cells	Ramesh et al, 2020	ok	2026-08-05T19:41:05Z
Ramesh_2020/csv_paired/SRR12483483_1_Paired_All.csv.gz	paired	https://opig.stats.ox.ac.uk/webapps/ngsdb/paired/Ramesh_2020/csv_paired/SRR12483483_1_Paired_All.csv.gz	csv_paired	Ramesh_2020		4262	human	All	Paired	Multiple-sclerosis	None	None	33.0	None	PBMC	CD27-memory-and-Plasmablast/Plasma-B-Cells	Ramesh et al, 2020	ok	2026-08-05T19:41:05Z
Ramesh_2020/csv_paired/SRR12483484_1_Paired_All.csv.gz	paired	https://opig.stats.ox.ac.uk/webapps/ngsdb/paired/Ramesh_2020/csv_paired/SRR12483484_1_Paired_All.csv.gz	csv_paired	Ramesh_2020		2581	human	All	Paired	Multiple-sclerosis	None	None	43.0	None	PBMC	CD27-memory-and-Plasmablast/Plasma-B-Cells	Ramesh et al, 2020	ok	2026-08-05T19:41:05Z
Ramesh_2020/csv_paired/SRR12483485_1_Paired_All.csv.gz	paired	https://opig.stats.ox.ac.uk/webapps/ngsdb/paired/Ramesh_2020/csv_paired/SRR12483485_1_Paired_All.csv.gz	csv_paired	Ramesh_2020		6526	human	All	Paired	Multiple-sclerosis	None	None	41.0	None	PBMC	Unsorted-B-Cells	Ramesh et al, 2020	ok	2026-08-05T19:41:05Z
Ramesh_2020/csv_paired/SRR12483486_1_Paired_All.csv.gz	paired	https://opig.stats.ox.ac.uk/webapps/ngsdb/paired/Ramesh_2020/csv_paired/SRR12483486_1_Paired_All.csv.gz	csv_paired	Ramesh_2020		1134	human	All	Paired	Multiple-sclerosis	None	None	40.0	None	PBMC	Memory-B-Cells	Ramesh et al, 2020	ok	2026-08-05T19:41:05Z
Ramesh_2020/csv_paired/SRR12483487_1_Paired_All.csv.gz	paired	https://opig.stats.ox.ac.uk/webapps/ngsdb/paired/Ramesh_2020/csv_paired/SRR12483487_1_Paired_All.csv.gz	csv_paired	Ramesh_2020		2785	human	All	Paired	Multiple-sclerosis	None	None	54.0	None	PBMC	Plasmablast/Plasma-B-Cells	Ramesh et al, 2020	ok	2026-08-05T19:41:05Z
Ramesh_2020/csv_paired/SRR12483488_1_Paired_All.csv.gz	paired	https://opig.stats.ox.ac.uk/webapps/ngsdb/paired/Ramesh_2020/csv_paired/SRR12483488_1_Paired_All.csv.gz	csv_paired	Ramesh_2020		1360	human	All	Paired	Multiple-sclerosis	None	None	50.0	None	PBMC	Unsorted-B-Cells	Ramesh et al, 2020	ok	2026-08-05T19:41:05Z
Ramesh_2020/csv_paired/SRR12483489_1_Paired_All.csv.gz	paired	https://opig.stats.ox.ac.uk/webapps/ngsdb/paired/Ramesh_2020/csv_paired/SRR12483489_1_Paired_All.csv.gz	csv_paired	Ramesh_2020		5761	human	All	Paired	Multiple-sclerosis	None	None	37.0	None	PBMC	Unsorted-B-Cells	Ramesh et al, 2020	ok	2026-08-05T19:41:05Z
Ramesh_2020/csv_paired/SRR12483490_1_Paired_All.csv.gz	paired	https://opig.stats.ox.ac.uk/webapps/ngsdb/paired/Ramesh_2020/csv_paired/SRR12483490_1_Paired_All.csv.gz	csv_paired	Ramesh_2020		7238	human	All	Paired	Multiple-sclerosis	None	None	32.0	None	PBMC	Unsorted-B-Cells	Ramesh et al, 2020	ok	2026-08-05T19:41:05Z
Ramesh_2020/csv_paired/SRR12483491_1_Paired_All.csv.gz	paired	https://opig.stats.ox.ac.uk/webapps/ngsdb/paired/Ramesh_2020/csv_paired/SRR12483491_1_Paired_All.csv.gz	csv_paired	Ramesh_2020		3588	human	All	Paired	Multiple-sclerosis	None	None	72.0	None	PBMC	Memory-B-Cells	Ramesh et al, 2020	ok	2026-08-05T19:41:05Z
Ramesh_2020/csv_paired/SRR12483492_1_Paired_All.csv.gz	paired	https://opig.stats.ox.ac.uk/webapps/ngsdb/paired/Ramesh_2020/csv_paired/SRR12483492_1_Paired_All.csv.gz	csv_paired	Ramesh_2020		3474	human	All	Paired	Multiple-sclerosis	None	None	72.0	None	PBMC	Memory-B-Cells	Ramesh et al, 2020	ok	2026-08-05T19:41:05Z
Ramesh_2020/csv_paired/SRR12483493_1_Paired_All.csv.gz	paired	https://opig.stats.ox.ac.uk/webapps/ngsdb/paired/Ramesh_2020/csv_paired/SRR12483493_1_Paired_All.csv.gz	csv_paired	Ramesh_2020		5171	human	All	Paired	Multiple-sclerosis	None	None	72.0	None	PBMC	Plasmablast/Plasma-B-Cells	Ramesh et al, 2020	ok	2026-08-05T19:41:05Z
Ramesh_2020/csv_paired/SRR12483494_1_Paired_All.csv.gz	paired	https://opig.stats.ox.ac.uk/webapps/ngsdb/paired/Ramesh_2020/csv_paired/SRR12483494_1_Paired_All.csv.gz	csv_paired	Ramesh_2020		2052	human	All	Paired	Multiple-sclerosis	None	None	47.0	None	PBMC	Unsorted-B-Cells	Ramesh et al, 2020	ok	2026-08-05T19:41:05Z
Ramesh_2020/csv_paired/SRR12483495_1_Paired_All.csv.gz	paired	https://opig.stats.ox.ac.uk/webapps/ngsdb/paired/Ramesh_2020/csv_paired/SRR12483495_1_Paired_All.csv.gz	csv_paired	Ramesh_2020		5375	human	All	Paired	Multiple-sclerosis	None	None	27.0	None	PBMC	Unsorted-B-Cells	Ramesh et al, 2020	ok	2026-08-05T19:41:05Z
Ramesh_2020/csv_paired/SRR12483497_1_Paired_All.csv.gz	paired	https://opig.stats.ox.ac.uk/webapps/ngsdb/paired/Ramesh_2020/csv_paired/SRR12483497_1_Paired_All.csv.gz	csv_paired	Ramesh_2020		5148	human	All	Paired	Multiple-sclerosis	None	None	33.0	None	PBMC	Unsorted-B-Cells	Ramesh et al, 2020	ok	2026-08-05T19:41:05Z
Ramesh_2020/csv_paired/SRR12483498_1_Paired_All.csv.gz	paired	https://opig.stats.ox.ac.uk/webapps/ngsdb/paired/Ramesh_2020/csv_paired/SRR12483498_1_Paired_All.csv.gz	csv_paired	Ramesh_2020		13687	human	All	Paired	Multiple-sclerosis	None	None	43.0	None	PBMC	Unsorted-B-Cells	Ramesh et al, 2020	ok	2026-08-05T19:41:05Z
Ramesh_2020/csv_paired/SRR12483499_1_Paired_All.csv.gz	paired	https://opig.stats.ox.ac.uk/webapps/ngsdb/paired/Ramesh_2020/csv_paired/SRR12483499_1_Paired_All.csv.gz	csv_paired	Ramesh_2020		78	human	All	Paired	Multiple-sclerosis	None	None	21.0	None	CSF	Unsorted-B-Cells	Ramesh et al, 2020	ok	2026-08-05T19:41:05Z
Ramesh_2020/csv_paired/SRR12483500_1_Paired_All.csv.gz	paired	https://opig.stats.ox.ac.uk/webapps/ngsdb/paired/Ramesh_2020/csv_paired/SRR12483500_1_Paired_All.csv.gz	csv_paired	Ramesh_2020		38	human	All	Paired	Multiple-sclerosis	None	None	37.0	None	CSF	Unsorted-B-Cells	Ramesh et al, 2020	ok	2026-08-05T19:41:05Z
Ramesh_2020/csv_paired/SRR12483501_1_Paired_All.csv.gz	paired	https://opig.stats.ox.ac.uk/webapps/ngsdb/paired/Ramesh_2020/csv_paired/SRR12483501_1_Paired_All.csv.gz	csv_paired	Ramesh_2020		209	human	All	Paired	Multiple-sclerosis	None	None	44.0	None	CSF	Unsorted-B-Cells	Ramesh et al, 2020	ok	2026-08-05T19:41:05Z
Ramesh_2020/csv_paired/SRR12483502_1_Paired_All.csv.gz	paired	https://opig.stats.ox.ac.uk/webapps/ngsdb/paired/Ramesh_2020/csv_paired/SRR12483502_1_Paired_All.csv.gz	csv_paired	Ramesh_2020		683	human	All	Paired	Multiple-sclerosis	None	None	53.0	None	PBMC	Unsorted-B-Cells	Ramesh et al, 2020	ok	2026-08-05T19:41:05Z
Ramesh_2020/csv_paired/SRR12483503_1_Paired_All.csv.gz	paired	https://opig.stats.ox.ac.uk/webapps/ngsdb/paired/Ramesh_2020/csv_paired/SRR12483503_1_Paired_All.csv.gz	csv_paired	Ramesh_2020		453	human	All	Paired	Multiple-sclerosis	None	None	41.0	None	PBMC	Unsorted-B-Cells	Ramesh et al, 2020	ok	2026-08-05T19:41:05Z
Ramesh_2020/csv_paired/SRR12483504_1_Paired_All.csv.gz	paired	https://opig.stats.ox.ac.uk/webapps/ngsdb/paired/Ramesh_2020/csv_paired/SRR12483504_1_Paired_All.csv.gz	csv_paired	Ramesh_2020		620	human	All	Paired	Multiple-sclerosis	None	None	53.0	None	PBMC	Unsorted-B-Cells	Ramesh et al, 2020	ok	2026-08-05T19:41:05Z
Ramesh_2020/csv_paired/SRR12483505_1_Paired_All.csv.gz	paired	https://opig.stats.ox.ac.uk/webapps/ngsdb/paired/Ramesh_2020/csv_paired/SRR12483505_1_Paired_All.csv.gz	csv_paired	Ramesh_2020		440	human	All	Paired	Multiple-sclerosis	None	None	54.0	None	PBMC	Unsorted-B-Cells	Ramesh et al, 2020	ok	2026-08-05T19:41:05Z
Ramesh_2020/csv_paired/SRR12483506_1_Paired_All.csv.gz	paired	https://opig.stats.ox.ac.uk/webapps/ngsdb/paired/Ramesh_2020/csv_paired/SRR12483506_1_Paired_All.csv.gz	csv_paired	Ramesh_2020		312	human	All	Paired	Multiple-sclerosis	None	None	50.0	None	PBMC	Unsorted-B-Cells	Ramesh et al, 2020	ok	2026-08-05T19:41:05Z
Ramesh_2020/csv_paired/SRR12483508_1_Paired_All.csv.gz	paired	https://opig.stats.ox.ac.uk/webapps/ngsdb/paired/Ramesh_2020/csv_paired/SRR12483508_1_Paired_All.csv.gz	csv_paired	Ramesh_2020		402	human	All	Paired	Multiple-sclerosis	None	None	37.0	None	PBMC	Unsorted-B-Cells	Ramesh et al, 2020	ok	2026-08-05T19:41:05Z
Ramesh_2020/csv_paired/SRR12483509_1_Paired_All.csv.gz	paired	https://opig.stats.ox.ac.uk/webapps/ngsdb/paired/Ramesh_2020/csv_paired/SRR12483509_1_Paired_All.csv.gz	csv_paired	Ramesh_2020		1154	human	All	Paired	Multiple-sclerosis	None	None	32.0	None	PBMC	Unsorted-B-Cells	Ramesh et al, 2020	ok	2026-08-05T19:41:05Z
Ramesh_2020/csv_paired/SRR12483510_1_Paired_All.csv.gz	paired	https://opig.stats.ox.ac.uk/webapps/ngsdb/paired/Ramesh_2020/csv_paired/SRR12483510_1_Paired_All.csv.gz	csv_paired	Ramesh_2020		938	human	All	Paired	Multiple-sclerosis	None	None	42.0	None	PBMC	Unsorted-B-Cells	Ramesh et al, 2020	ok	2026-08-05T19:41:05Z
Ramesh_2020/csv_paired/SRR12483511_1_Paired_All.csv.gz	paired	https://opig.stats.ox.ac.uk/webapps/ngsdb/paired/Ramesh_2020/csv_paired/SRR12483511_1_Paired_All.csv.gz	csv_paired	Ramesh_2020		183	human	All	Paired	Multiple-sclerosis	None	None	35.0	None	PBMC	Unsorted-B-Cells	Ramesh et al, 2020	ok	2026-08-05T19:41:05Z
Ramesh_2020/csv_paired/SRR12483512_1_Paired_All.csv.gz	paired	https://opig.stats.ox.ac.uk/webapps/ngsdb/paired/Ramesh_2020/csv_paired/SRR12483512_1_Paired_All.csv.gz	csv_paired	Ramesh_2020		849	human	All	Paired	Multiple-sclerosis	None	None	21.0	None	PBMC	Unsorted-B-Cells	Ramesh et al, 2020	ok	2026-08-05T19:41:05Z
Ramesh_2020/csv_paired/SRR12483513_1_Paired_All.csv.gz	paired	https://opig.stats.ox.ac.uk/webapps/ngsdb/paired/Ramesh_2020/csv_paired/SRR12483513_1_Paired_All.csv.gz	csv_paired	Ramesh_2020		603	human	All	Paired	Multiple-sclerosis	None	None	45.0	None	PBMC	Unsorted-B-Cells	Ramesh et al, 2020	ok	2026-08-05T19:41:05Z
Ramesh_2020/csv_paired/SRR12483514_1_Paired_All.csv.gz	paired	https://opig.stats.ox.ac.uk/webapps/ngsdb/paired/Ramesh_2020/csv_paired/SRR12483514_1_Paired_All.csv.gz	csv_paired	Ramesh_2020		974	human	All	Paired	Multiple-sclerosis	None	None	28.0	None	PBMC	Memory-B-Cells	Ramesh et al, 2020	ok	2026-08-05T19:41:05Z
Ramesh_2020/csv_paired/SRR12483515_1_Paired_All.csv.gz	paired	https://opig.stats.ox.ac.uk/webapps/ngsdb/paired/Ramesh_2020/csv_paired/SRR12483515_1_Paired_All.csv.gz	csv_paired	Ramesh_2020		607	human	All	Paired	Multiple-sclerosis	None	None	27.0	None	PBMC	Unsorted-B-Cells	Ramesh et al, 2020	ok	2026-08-05T19:41:05Z
Ramesh_2020/csv_paired/SRR12483516_1_Paired_All.csv.gz	paired	https://opig.stats.ox.ac.uk/webapps/ngsdb/paired/Ramesh_2020/csv_paired/SRR12483516_1_Paired_All.csv.gz	csv_paired	Ramesh_2020		3245	human	All	Paired	Multiple-sclerosis	None	None	28.0	None	PBMC	Memory-B-Cells	Ramesh et al, 2020	ok	2026-08-05T19:41:05Z
Ramesh_2020/csv_paired/SRR12483517_1_Paired_All.csv.gz	paired	https://opig.stats.ox.ac.uk/webapps/ngsdb/paired/Ramesh_2020/csv_paired/SRR12483517_1_Paired_All.csv.gz	csv_paired	Ramesh_2020		5870	human	All	Paired	Multiple-sclerosis	None	None	28.0	None	PBMC	Plasmablast/Plasma-B-Cells	Ramesh et al, 2020	ok	2026-08-05T19:41:05Z
Ramesh_2020/csv_paired/SRR12483518_1_Paired_All.csv.gz	paired	https://opig.stats.ox.ac.uk/webapps/ngsdb/paired/Ramesh_2020/csv_paired/SRR12483518_1_Paired_All.csv.gz	csv_paired	Ramesh_2020		3782	human	All	Paired	Multiple-sclerosis	None	None	35.0	None	PBMC	Memory-B-Cells	Ramesh et al, 2020	ok	2026-08-05T19:41:05Z
Ramesh_2020/csv_paired/SRR12483519_1_Paired_All.csv.gz	paired	https://opig.stats.ox.ac.uk/webapps/ngsdb/paired/Ramesh_2020/csv_paired/SRR12483519_1_Paired_All.csv.gz	csv_paired	Ramesh_2020		5316	human	All	Paired	Multiple-sclerosis	None	None	42.0	None	PBMC	Unsorted-B-Cells	Ramesh et al, 2020	ok	2026-08-05T19:41:05Z
Ramesh_2020/csv_paired/SRR12483520_1_Paired_All.csv.gz	paired	https://opig.stats.ox.ac.uk/webapps/ngsdb/paired/Ramesh_2020/csv_paired/SRR12483520_1_Paired_All.csv.gz	csv_paired	Ramesh_2020		5260	human	All	Paired	Multiple-sclerosis	None	None	45.0	None	PBMC	Unsorted-B-Cells	Ramesh et al, 2020	ok	2026-08-05T19:41:05Z
Ramesh_2020/csv_paired/SRR12483521_1_Paired_All.csv.gz	paired	https://opig.stats.ox.ac.uk/webapps/ngsdb/paired/Ramesh_2020/csv_paired/SRR12483521_1_Paired_All.csv.gz	csv_paired	Ramesh_2020		4826	human	All	Paired	Multiple-sclerosis	None	None	28.0	None	PBMC	double-nagative-B-cells	Ramesh et al, 2020	ok	2026-08-05T19:41:05Z
Ramesh_2020/csv_paired/SRR12483522_1_Paired_All.csv.gz	paired	https://opig.stats.ox.ac.uk/webapps/ngsdb/paired/Ramesh_2020/csv_paired/SRR12483522_1_Paired_All.csv.gz	csv_paired	Ramesh_2020		2899	human	All	Paired	Multiple-sclerosis	None	None	35.0	None	PBMC	Plasmablast/Plasma-B-Cells	Ramesh et al, 2020	ok	2026-08-05T19:41:05Z
Ramesh_2020/csv_paired/SRR12483523_1_Paired_All.csv.gz	paired	https://opig.stats.ox.ac.uk/webapps/ngsdb/paired/Ramesh_2020/csv_paired/SRR12483523_1_Paired_All.csv.gz	csv_paired	Ramesh_2020		7113	human	All	Paired	Multiple-sclerosis	None	None	21.0	None	PBMC	Unsorted-B-Cells	Ramesh et al, 2020	ok	2026-08-05T19:41:05Z
Ramesh_2020/csv_paired/SRR12483524_1_Paired_All.csv.gz	paired	https://opig.stats.ox.ac.uk/webapps/ngsdb/paired/Ramesh_2020/csv_paired/SRR12483524_1_Paired_All.csv.gz	csv_paired	Ramesh_2020		4492	human	All	Paired	Multiple-sclerosis	None	None	45.0	None	PBMC	Unsorted-B-Cells	Ramesh et al, 2020	ok	2026-08-05T19:41:05Z
Ramesh_2020/csv_paired/SRR12483526_1_Paired_All.csv.gz	paired	https://opig.stats.ox.ac.uk/webapps/ngsdb/paired/Ramesh_2020/csv_paired/SRR12483526_1_Paired_All.csv.gz	csv_paired	Ramesh_2020		643	human	All	Paired	Multiple-sclerosis	None	None	27.0	None	PBMC	Unsorted-B-Cells	Ramesh et al, 2020	ok	2026-08-05T19:41:05Z
Ramesh_2020/csv_paired/SRR12483527_1_Paired_All.csv.gz	paired	https://opig.stats.ox.ac.uk/webapps/ngsdb/paired/Ramesh_2020/csv_paired/SRR12483527_1_Paired_All.csv.gz	csv_paired	Ramesh_2020		6303	human	All	Paired	Multiple-sclerosis	None	None	32.0	None	PBMC	Unsorted-B-Cells	Ramesh et al, 2020	ok	2026-08-05T19:41:05Z
Ramesh_2020/csv_paired/SRR12483528_1_Paired_All.csv.gz	paired	https://opig.stats.ox.ac.uk/webapps/ngsdb/paired/Ramesh_2020/csv_paired/SRR12483528_1_Paired_All.csv.gz	csv_paired	Ramesh_2020		4564	human	All	Paired	Multiple-sclerosis	None	None	37.0	None	PBMC	Unsorted-B-Cells	Ramesh et al, 2020	ok	2026-08-05T19:41:05Z
Ramesh_2020/csv_paired/SRR12483529_1_Paired_All.csv.gz	paired	https://opig.stats.ox.ac.uk/webapps/ngsdb/paired/Ramesh_2020/csv_paired/SRR12483529_1_Paired_All.csv.gz	csv_paired	Ramesh_2020		8436	human	All	Paired	Multiple-sclerosis	None	None	44.0	None	PBMC	Unsorted-B-Cells	Ramesh et al, 2020	ok	2026-08-05T19:41:05Z
Ramesh_2020/csv_paired/SRR12483531_1_Paired_All.csv.gz	paired	https://opig.stats.ox.ac.uk/webapps/ngsdb/paired/Ramesh_2020/csv_paired/SRR12483531_1_Paired_All.csv.gz	csv_paired	Ramesh_2020		6035	human	All	Paired	Multiple-sclerosis	None	None	72.0	None	PBMC	Unsorted-B-Cells	Ramesh et al, 2020	ok	2026-08-05T19:41:05Z
Santos_2024/csv_paired/SRR18863532_1_Paired_All.csv.gz	paired	https://opig.stats.ox.ac.uk/webapps/ngsdb/paired/Santos_2024/csv_paired/SRR18863532_1_Paired_All.csv.gz	csv_paired	Santos_2024		4	human	All	Paired	Coeliac	None	CeD6	no	no	Duodenal-organoid	CLIP 2d Stimulated B cells	Santos et al. 2024	ok	2026-08-05T19:41:05Z
Santos_2024/csv_paired/SRR18863533_1_Paired_All.csv.gz	paired	https://opig.stats.ox.ac.uk/webapps/ngsdb/paired/Santos_2024/csv_paired/SRR18863533_1_Paired_All.csv.gz	csv_paired	Santos_2024		5	human	All	Paired	Coeliac	None	CeD6	no	no	Duodenal-organoid	CLIP 2d Stimulated B cells	Santos et al. 2024	ok	2026-08-05T19:41:05Z
Santos_2024/csv_paired/SRR18863534_1_Paired_All.csv.gz	paired	https://opig.stats.ox.ac.uk/webapps/ngsdb/paired/Santos_2024/csv_paired/SRR18863534_1_Paired_All.csv.gz	csv_paired	Santos_2024		5	human	All	Paired	Coeliac	None	CeD6	no	no	Duodenal-organoid	CLIP 2d Stimulated B cells	Santos et al. 2024	ok	2026-08-05T19:41:05Z
Santos_2024/csv_paired/SRR18863541_1_Paired_All.csv.gz	paired	https://opig.stats.ox.ac.uk/webapps/ngsdb/paired/Santos_2024/csv_paired/SRR18863541_1_Paired_All.csv.gz	csv_paired	Santos_2024		80	human	All	Paired	Coeliac	None	CeD6	no	no	Duodenal-organoid	Gliadin 2d Stimulated B cells	Santos et al. 2024	ok	2026-08-05T19:41:05Z
Santos_2024/csv_paired/SRR18863542_1_Paired_All.csv.gz	paired	https://opig.stats.ox.ac.uk/webapps/ngsdb/paired/Santos_2024/csv_paired/SRR18863542_1_Paired_All.csv.gz	csv_paired	Santos_2024		74	human	All	Paired	Coeliac	None	CeD6	no	no	Duodenal-organoid	Gliadin 2d Stimulated B cells	Santos et al. 2024	ok	2026-08-05T19:41:05Z
Santos_2024/csv_paired/SRR18863543_1_Paired_All.csv.gz	paired	https://opig.stats.ox.ac.uk/webapps/ngsdb/paired/Santos_2024/csv_paired/SRR18863543_1_Paired_All.csv.gz	csv_paired	Santos_2024		91	human	All	Paired	Coeliac	None	CeD6	no	no	Duodenal-organoid	Gliadin 2d Stimulated B cells	Santos et al. 2024	ok	2026-08-05T19:41:05Z
Santos_2024/csv_paired/SRR18863550_1_Paired_All.csv.gz	paired	https://opig.stats.ox.ac.uk/webapps/ngsdb/paired/Santos_2024/csv_paired/SRR18863550_1_Paired_All.csv.gz	csv_paired	Santos_2024		12	human	All	Paired	Coeliac	None	CeD5	no	no	Duodenal-organoid	control Stimulated B cells	Santos et al. 2024	ok	2026-08-05T19:41:05Z
Santos_2024/csv_paired/SRR18863551_1_Paired_All.csv.gz	paired	https://opig.stats.ox.ac.uk/webapps/ngsdb/paired/Santos_2024/csv_paired/SRR18863551_1_Paired_All.csv.gz	csv_paired	Santos_2024		12	human	All	Paired	Coeliac	None	CeD5	no	no	Duodenal-organoid	control Stimulated B cells	Santos et al. 2024	ok	2026-08-05T19:41:05Z
Santos_2024/csv_paired/SRR18863556_1_Paired_All.csv.gz	paired	https://opig.stats.ox.ac.uk/webapps/ngsdb/paired/Santos_2024/csv_paired/SRR18863556_1_Paired_All.csv.gz	csv_paired	Santos_2024		11	human	All	Paired	Coeliac	None	CeD5	no	no	Duodenal-organoid	Gliadin 2d Stimulated B cells	Santos et al. 2024	ok	2026-08-05T19:41:05Z
Santos_2024/csv_paired/SRR18863557_1_Paired_All.csv.gz	paired	https://opig.stats.ox.ac.uk/webapps/ngsdb/paired/Santos_2024/csv_paired/SRR18863557_1_Paired_All.csv.gz	csv_paired	Santos_2024		11	human	All	Paired	Coeliac	None	CeD5	no	no	Duodenal-organoid	Gliadin 2d Stimulated B cells	Santos et al. 2024	ok	2026-08-05T19:41:05Z
Santos_2024/csv_paired/SRR18863562_1_Paired_All.csv.gz	paired	https://opig.stats.ox.ac.uk/webapps/ngsdb/paired/Santos_2024/csv_paired/SRR18863562_1_Paired_All.csv.gz	csv_paired	Santos_2024		502	human	All	Paired	Coeliac	None	CeD4	no	no	Duodenal-organoid	Gliadin 2d Stimulated B cells	Santos et al. 2024	ok	2026-08-05T19:41:05Z
Santos_2024/csv_paired/SRR18863568_1_Paired_All.csv.gz	paired	https://opig.stats.ox.ac.uk/webapps/ngsdb/paired/Santos_2024/csv_paired/SRR18863568_1_Paired_All.csv.gz	csv_paired	Santos_2024		1199	human	All	Paired	Coeliac	None	CeD4	no	no	Duodenal-organoid	CLIP 2d Stimulated B cells	Santos et al. 2024	ok	2026-08-05T19:41:05Z
Setliff_2019/csv/SRR10313332_paired.csv.gz	paired	https://opig.stats.ox.ac.uk/webapps/ngsdb/paired/Setliff_2019/csv/SRR10313332_paired.csv.gz	csv	Setliff_2019		4103	human	All	Paired	HIV	None	Donor-45	no	Year-17	PBMC	Unsorted-B-Cells	Setliff et al., 2019	ok	2026-08-05T19:41:05Z
Setliff_2019/csv/SRR10313335_paired.csv.gz	paired	https://opig.stats.ox.ac.uk/webapps/ngsdb/paired/Setliff_2019/csv/SRR10313335_paired.csv.gz	csv	Setliff_2019		1444	human	All	Paired	HIV	None	Donor-N90	no	Year-23	PBMC	Unsorted-B-Cells	Setliff et al., 2019	ok	2026-08-05T19:41:05Z
Sokal_2021/csv_paired/SCoV10_M0_Sort1_1_Paired_All.csv.gz	paired	https://opig.stats.ox.ac.uk/webapps/ngsdb/paired/Sokal_2021/csv_paired/SCoV10_M0_Sort1_1_Paired_All.csv.gz	csv_paired	Sokal_2021		1990	human	All	Paired	SARS-COV-2	None	S-CoV10	59	M0	PBMC	Memory-B-Cells	Sokal et al, 2021	ok	2026-08-05T19:41:05Z
Sokal_2021/csv_paired/SCoV10_M0_Sort2_1_Paired_All.csv.gz	paired	https://opig.stats.ox.ac.uk/webapps/ngsdb/paired/Sokal_2021/csv_paired/SCoV10_M0_Sort2_1_Paired_All.csv.gz	csv_paired	Sokal_2021		2185	human	All	Paired	SARS-COV-2	None	S-CoV10	59	M0	PBMC	Memory-B-Cells	Sokal et al, 2021	ok	2026-08-05T19:41:05Z
Sokal_2021/csv_paired/SCoV10_M6_Sort1_1_Paired_All.csv.gz	paired	https://opig.stats.ox.ac.uk/webapps/ngsdb/paired/Sokal_2021/csv_paired/SCoV10_M6_Sort1_1_Paired_All.csv.gz	csv_paired	Sokal_2021		6740	human	All	Paired	SARS-COV-2	None	S-CoV10	59	M6	PBMC	Memory-B-Cells	Sokal et al, 2021	ok	2026-08-05T19:41:05Z
Sokal_2021/csv_paired/SCoV11_M0_Sort1_1_Paired_All.csv.gz	paired	https://opig.stats.ox.ac.uk/webapps/ngsdb/paired/Sokal_2021/csv_paired/SCoV11_M0_Sort1_1_Paired_All.csv.gz	csv_paired	Sokal_2021		3173	human	All	Paired	SARS-COV-2	None	S-CoV11	57	M0	PBMC	Memory-B-Cells	Sokal et al, 2021	ok	2026-08-05T19:41:05Z
Sokal_2021/csv_paired/SCoV11_M0_Sort2_1_Paired_All.csv.gz	paired	https://opig.stats.ox.ac.uk/webapps/ngsdb/paired/Sokal_2021/csv_paired/SCoV11_M0_Sort2_1_Paired_All.csv.gz	csv_paired	Sokal_2021		8722	human	All	Paired	SARS-COV-2	None	S-CoV11	57	M0	PBMC	Memory-B-Cells	Sokal et al, 2021	ok	2026-08-05T19:41:05Z
Sokal_2021/csv_paired/SCoV11_M6_Sort1_1_Paired_All.csv.gz	paired	https://opig.stats.ox.ac.uk/webapps/ngsdb/paired/Sokal_2021/csv_paired/SCoV11_M6_Sort1_1_Paired_All.csv.gz	csv_paired	Sokal_2021		9309	human	All	Paired	SARS-COV-2	None	S-CoV11	57	M6	PBMC	Memory-B-Cells	Sokal et al, 2021	ok	2026-08-05T19:41:05Z
Sokal_2021/csv_paired/SCoV13_M0_Sort1_1_Paired_All.csv.gz	paired	https://opig.stats.ox.ac.uk/webapps/ngsdb/paired/Sokal_2021/csv_paired/SCoV13_M0_Sort1_1_Paired_All.csv.gz	csv_paired	Sokal_2021		1478	human	All	Paired	SARS-COV-2	None	S-CoV13	51	M0	PBMC	Memory-B-Cells	Sokal et al, 2021	ok	2026-08-05T19:41:05Z
Sokal_2021/csv_paired/SCoV13_M0_Sort2_1_Paired_All.csv.gz	paired	https://opig.stats.ox.ac.uk/webapps/ngsdb/paired/Sokal_2021/csv_paired/SCoV13_M0_Sort2_1_Paired_All.csv.gz	csv_paired	Sokal_2021		7551	human	All	Paired	SARS-COV-2	None	S-CoV13	51	M0	PBMC	Memory-B-Cells	Sokal et al, 2021	ok	2026-08-05T19:41:05Z
Sokal_2021/csv_paired/SCoV13_M6_Sort1_1_Paired_All.csv.gz	paired	https://opig.stats.ox.ac.uk/webapps/ngsdb/paired/Sokal_2021/csv_paired/SCoV13_M6_Sort1_1_Paired_All.csv.gz	csv_paired	Sokal_2021		11158	human	All	Paired	SARS-COV-2	None	S-CoV13	51	M6	PBMC	Memory-B-Cells	Sokal et al, 2021	ok	2026-08-05T19:41:05Z
Sokal_2021/csv_paired/SCoV1_M0_Sort1_1_Paired_All.csv.gz	paired	https://opig.stats.ox.ac.uk/webapps/ngsdb/paired/Sokal_2021/csv_paired/SCoV1_M0_Sort1_1_Paired_All.csv.gz	csv_paired	Sokal_2021		3887	human	All	Paired	SARS-COV-2	None	S-CoV1	60	M0	PBMC	Memory-B-Cells	Sokal et al, 2021	ok	2026-08-05T19:41:05Z
Sokal_2021/csv_paired/SCoV1_M0_Sort2_1_Paired_All.csv.gz	paired	https://opig.stats.ox.ac.uk/webapps/ngsdb/paired/Sokal_2021/csv_paired/SCoV1_M0_Sort2_1_Paired_All.csv.gz	csv_paired	Sokal_2021		5323	human	All	Paired	SARS-COV-2	None	S-CoV1	60	M0	PBMC	Memory-B-Cells	Sokal et al, 2021	ok	2026-08-05T19:41:05Z
Sokal_2021/csv_paired/SCoV1_M6_Sort1_1_Paired_All.csv.gz	paired	https://opig.stats.ox.ac.uk/webapps/ngsdb/paired/Sokal_2021/csv_paired/SCoV1_M6_Sort1_1_Paired_All.csv.gz	csv_paired	Sokal_2021		7979	human	All	Paired	SARS-COV-2	None	S-CoV1	60	M6	PBMC	Memory-B-Cells	Sokal et al, 2021	ok	2026-08-05T19:41:05Z
Wang_2023/csv_paired/SRR24716320_1_Paired_All.csv.gz	paired	https://opig.stats.ox.ac.uk/webapps/ngsdb/paired/Wang_2023/csv_paired/SRR24716320_1_Paired_All.csv.gz	csv_paired	Wang_2023		5837	human	All	Paired	None	SARS-COV-2	C148	elderly	no	PBMC	B cells	Wang et al. 2023	ok	2026-08-05T19:41:05Z
Wang_2023/csv_paired/SRR24716321_1_Paired_All.csv.gz	paired	https://opig.stats.ox.ac.uk/webapps/ngsdb/paired/Wang_2023/csv_paired/SRR24716321_1_Paired_All.csv.gz	csv_paired	Wang_2023		5751	human	All	Paired	None	SARS-COV-2	C148	elderly	no	PBMC	B cells	Wang et al. 2023	ok	2026-08-05T19:41:05Z
Wang_2023/csv_paired/SRR24716324_1_Paired_All.csv.gz	paired	https://opig.stats.ox.ac.uk/webapps/ngsdb/paired/Wang_2023/csv_paired/SRR24716324_1_Paired_All.csv.gz	csv_paired	Wang_2023		1192	human	All	Paired	None	SARS-COV-2	C148	elderly	no	PBMC	B cells	Wang et al. 2023	ok	2026-08-05T19:41:05Z
Wang_2023/csv_paired/SRR24716325_1_Paired_All.csv.gz	paired	https://opig.stats.ox.ac.uk/webapps/ngsdb/paired/Wang_2023/csv_paired/SRR24716325_1_Paired_All.csv.gz	csv_paired	Wang_2023		1197	human	All	Paired	None	SARS-COV-2	C148	elderly	no	PBMC	B cells	Wang et al. 2023	ok	2026-08-05T19:41:05Z
Wang_2023/csv_paired/SRR24716330_1_Paired_All.csv.gz	paired	https://opig.stats.ox.ac.uk/webapps/ngsdb/paired/Wang_2023/csv_paired/SRR24716330_1_Paired_All.csv.gz	csv_paired	Wang_2023		5064	human	All	Paired	None	SARS-COV-2	C146	elderly	no	PBMC	B cells	Wang et al. 2023	ok	2026-08-05T19:41:05Z
Wang_2023/csv_paired/SRR24716331_1_Paired_All.csv.gz	paired	https://opig.stats.ox.ac.uk/webapps/ngsdb/paired/Wang_2023/csv_paired/SRR24716331_1_Paired_All.csv.gz	csv_paired	Wang_2023		5097	human	All	Paired	None	SARS-COV-2	C146	elderly	no	PBMC	B cells	Wang et al. 2023	ok	2026-08-05T19:41:05Z
Wang_2023/csv_paired/SRR24716334_1_Paired_All.csv.gz	paired	https://opig.stats.ox.ac.uk/webapps/ngsdb/paired/Wang_2023/csv_paired/SRR24716334_1_Paired_All.csv.gz	csv_paired	Wang_2023		14003	human	All	Paired	None	SARS-COV-2	C031	young	no	PBMC	B cells	Wang et al. 2023	ok	2026-08-05T19:41:05Z
Wang_2023/csv_paired/SRR24716335_1_Paired_All.csv.gz	paired	https://opig.stats.ox.ac.uk/webapps/ngsdb/paired/Wang_2023/csv_paired/SRR24716335_1_Paired_All.csv.gz	csv_paired	Wang_2023		14238	human	All	Paired	None	SARS-COV-2	C031	young	no	PBMC	B cells	Wang et al. 2023	ok	2026-08-05T19:41:05Z
Wang_2023/csv_paired/SRR24716336_1_Paired_All.csv.gz	paired	https://opig.stats.ox.ac.uk/webapps/ngsdb/paired/Wang_2023/csv_paired/SRR24716336_1_Paired_All.csv.gz	csv_paired	Wang_2023		11676	human	All	Paired	None	SARS-COV-2	C146	elderly	no	PBMC	B cells	Wang et al. 2023	ok	2026-08-05T19:41:05Z
Wang_2023/csv_paired/SRR24716337_1_Paired_All.csv.gz	paired	https://opig.stats.ox.ac.uk/webapps/ngsdb/paired/Wang_2023/csv_paired/SRR24716337_1_Paired_All.csv.gz	csv_paired	Wang_2023		11572	human	All	Paired	None	SARS-COV-2	C146	elderly	no	PBMC	B cells	Wang et al. 2023	ok	2026-08-05T19:41:05Z
Wang_2023/csv_paired/SRR24716342_1_Paired_All.csv.gz	paired	https://opig.stats.ox.ac.uk/webapps/ngsdb/paired/Wang_2023/csv_paired/SRR24716342_1_Paired_All.csv.gz	csv_paired	Wang_2023		4519	human	All	Paired	None	SARS-COV-2	C005	young	no	PBMC	B cells	Wang et al. 2023	ok	2026-08-05T19:41:05Z
Wang_2023/csv_paired/SRR24716343_1_Paired_All.csv.gz	paired	https://opig.stats.ox.ac.uk/webapps/ngsdb/paired/Wang_2023/csv_paired/SRR24716343_1_Paired_All.csv.gz	csv_paired	Wang_2023		4614	human	All	Paired	None	SARS-COV-2	C005	young	no	PBMC	B cells	Wang et al. 2023	ok	2026-08-05T19:41:05Z
Wang_2023/csv_paired/SRR24716344_1_Paired_All.csv.gz	paired	https://opig.stats.ox.ac.uk/webapps/ngsdb/paired/Wang_2023/csv_paired/SRR24716344_1_Paired_All.csv.gz	csv_paired	Wang_2023		8325	human	All	Paired	None	SARS-COV-2	C005	young	no	PBMC	B cells	Wang et al. 2023	ok	2026-08-05T19:41:05Z
Wang_2023/csv_paired/SRR24716345_1_Paired_All.csv.gz	paired	https://opig.stats.ox.ac.uk/webapps/ngsdb/paired/Wang_2023/csv_paired/SRR24716345_1_Paired_All.csv.gz	csv_paired	Wang_2023		8188	human	All	Paired	None	SARS-COV-2	C005	young	no	PBMC	B cells	Wang et al. 2023	ok	2026-08-05T19:41:05Z
Wang_2023/csv_paired/SRR24716346_1_Paired_All.csv.gz	paired	https://opig.stats.ox.ac.uk/webapps/ngsdb/paired/Wang_2023/csv_paired/SRR24716346_1_Paired_All.csv.gz	csv_paired	Wang_2023		2077	human	All	Paired	None	SARS-COV-2	C005	young	no	PBMC	B cells	Wang et al. 2023	ok	2026-08-05T19:41:05Z
Wang_2023/csv_paired/SRR24716347_1_Paired_All.csv.gz	paired	https://opig.stats.ox.ac.uk/webapps/ngsdb/paired/Wang_2023/csv_paired/SRR24716347_1_Paired_All.csv.gz	csv_paired	Wang_2023		2211	human	All	Paired	None	SARS-COV-2	C005	young	no	PBMC	B cells	Wang et al. 2023	ok	2026-08-05T19:41:05Z
Wang_2023/csv_paired/SRR24716348_1_Paired_All.csv.gz	paired	https://opig.stats.ox.ac.uk/webapps/ngsdb/paired/Wang_2023/csv_paired/SRR24716348_1_Paired_All.csv.gz	csv_paired	Wang_2023		5825	human	All	Paired	None	SARS-COV-2	C005	young	no	PBMC	B cells	Wang et al. 2023	ok	2026-08-05T19:41:05Z
Wang_2023/csv_paired/SRR24716349_1_Paired_All.csv.gz	paired	https://opig.stats.ox.ac.uk/webapps/ngsdb/paired/Wang_2023/csv_paired/SRR24716349_1_Paired_All.csv.gz	csv_paired	Wang_2023		5663	human	All	Paired	None	SARS-COV-2	C005	young	no	PBMC	B cells	Wang et al. 2023	ok	2026-08-05T19:41:05Z
Wang_2023/csv_paired/SRR24716352_1_Paired_All.csv.gz	paired	https://opig.stats.ox.ac.uk/webapps/ngsdb/paired/Wang_2023/csv_paired/SRR24716352_1_Paired_All.csv.gz	csv_paired	Wang_2023		7595	human	All	Paired	None	SARS-COV-2	C145	elderly	no	PBMC	B cells	Wang et al. 2023	ok	2026-08-05T19:41:05Z
Wang_2023/csv_paired/SRR24716353_1_Paired_All.csv.gz	paired	https://opig.stats.ox.ac.uk/webapps/ngsdb/paired/Wang_2023/csv_paired/SRR24716353_1_Paired_All.csv.gz	csv_paired	Wang_2023		7601	human	All	Paired	None	SARS-COV-2	C145	elderly	no	PBMC	B cells	Wang et al. 2023	ok	2026-08-05T19:41:05Z
Wang_2023/csv_paired/SRR24716354_1_Paired_All.csv.gz	paired	https://opig.stats.ox.ac.uk/webapps/ngsdb/paired/Wang_2023/csv_paired/SRR24716354_1_Paired_All.csv.gz	csv_paired	Wang_2023		13807	human	All	Paired	None	SARS-COV-2	C004	young	no	PBMC	B cells	Wang et al. 2023	ok	2026-08-05T19:41:05Z
Wang_2023/csv_paired/SRR24716355_1_Paired_All.csv.gz	paired	https://opig.stats.ox.ac.uk/webapps/ngsdb/paired/Wang_2023/csv_paired/SRR24716355_1_Paired_All.csv.gz	csv_paired	Wang_2023		13640	human	All	Paired	None	SARS-COV-2	C004	young	no	PBMC	B cells	Wang et al. 2023	ok	2026-08-05T19:41:05Z
Wang_2023/csv_paired/SRR24716362_1_Paired_All.csv.gz	paired	https://opig.stats.ox.ac.uk/webapps/ngsdb/paired/Wang_2023/csv_paired/SRR24716362_1_Paired_All.csv.gz	csv_paired	Wang_2023		5750	human	All	Paired	None	SARS-COV-2	C144	elderly	no	PBMC	B cells	Wang et al. 2023	ok	2026-08-05T19:41:05Z
Wang_2023/csv_paired/SRR24716363_1_Paired_All.csv.gz	paired	https://opig.stats.ox.ac.uk/webapps/ngsdb/paired/Wang_2023/csv_paired/SRR24716363_1_Paired_All.csv.gz	csv_paired	Wang_2023		5755	human	All	Paired	None	SARS-COV-2	C144	elderly	no	PBMC	B cells	Wang et al. 2023	ok	2026-08-05T19:41:05Z
Wang_2023/csv_paired/SRR24716366_1_Paired_All.csv.gz	paired	https://opig.stats.ox.ac.uk/webapps/ngsdb/paired/Wang_2023/csv_paired/SRR24716366_1_Paired_All.csv.gz	csv_paired	Wang_2023		10669	human	All	Paired	None	SARS-COV-2	C094	young	no	PBMC	B cells	Wang et al. 2023	ok	2026-08-05T19:41:05Z
Wang_2023/csv_paired/SRR24716367_1_Paired_All.csv.gz	paired	https://opig.stats.ox.ac.uk/webapps/ngsdb/paired/Wang_2023/csv_paired/SRR24716367_1_Paired_All.csv.gz	csv_paired	Wang_2023		10260	human	All	Paired	None	SARS-COV-2	C094	young	no	PBMC	B cells	Wang et al. 2023	ok	2026-08-05T19:41:05Z
Woodruff_2020/csv/SRR12113363_1_Paired_All.csv.gz	paired	https://opig.stats.ox.ac.uk/webapps/ngsdb/paired/Woodruff_2020/csv/SRR12113363_1_Paired_All.csv.gz	csv	Woodruff_2020		1896	human	All	Paired	SARS-COV-2	None	Patient-1	34	no	PBMC	Naive-B-Cells	Woodruff et al., 2020	ok	2026-08-05T19:41:05Z
Woodruff_2020/csv/SRR12113364_1_Paired_All.csv.gz	paired	https://opig.stats.ox.ac.uk/webapps/ngsdb/paired/Woodruff_2020/csv/SRR12113364_1_Paired_All.csv.gz	csv	Woodruff_2020		1534	human	All	Paired	SARS-COV-2	None	Patient-1	34	no	PBMC	ASC	Woodruff et al., 2020	ok	2026-08-05T19:41:05Z
